Id,Url,PlayerName,Team
673237,https://www.mlb.com/player/673237,Diaz Y,Houston Astros
671056,https://www.mlb.com/player/671056,Herrera I,St. Louis Cardinals
596748,https://www.mlb.com/player/596748,Franco,Washington Nationals
672386,https://www.mlb.com/player/672386,Kirk,Toronto Blue Jays
675656,https://www.mlb.com/player/675656,Smith K,Oakland Athletics
571448,https://www.mlb.com/player/571448,Arenado,St. Louis Cardinals
660162,https://www.mlb.com/player/660162,Moncada,Chicago White Sox
592144,https://www.mlb.com/player/592144,Bernard W,Colorado Rockies
664761,https://www.mlb.com/player/664761,Bohm,Philadelphia Phillies
571446,https://www.mlb.com/player/571446,Appel,Philadelphia Phillies
642727,https://www.mlb.com/player/642727,Alcántara Se,Arizona Diamondbacks
663423,https://www.mlb.com/player/663423,Thornton,Toronto Blue Jays
502671,https://www.mlb.com/player/502671,Goldschmidt,St. Louis Cardinals
592390,https://www.mlb.com/player/592390,Hembree,Los Angeles Dodgers
642721,https://www.mlb.com/player/642721,Gutiérrez,Baltimore Orioles
607732,https://www.mlb.com/player/607732,Stallings,Miami Marlins
514888,https://www.mlb.com/player/514888,Altuve,Houston Astros
672391,https://www.mlb.com/player/672391,Ort,Boston Red Sox
663662,https://www.mlb.com/player/663662,Cameron,Detroit Tigers
594798,https://www.mlb.com/player/594798,deGrom,New York Mets
595881,https://www.mlb.com/player/595881,Beede,Pittsburgh Pirates
489119,https://www.mlb.com/player/489119,Miley,Chicago Cubs
594311,https://www.mlb.com/player/594311,Gustave,Milwaukee Brewers
664747,https://www.mlb.com/player/664747,Díaz A,Cincinnati Reds
663656,https://www.mlb.com/player/663656,Tucker,Houston Astros
663898,https://www.mlb.com/player/663898,Rodgers,Colorado Rockies
665833,https://www.mlb.com/player/665833,Cruz O,Pittsburgh Pirates
605540,https://www.mlb.com/player/605540,Woodruff,Milwaukee Brewers
663897,https://www.mlb.com/player/663897,Williams L,Miami Marlins
501571,https://www.mlb.com/player/501571,Lagares,Los Angeles Angels
664983,https://www.mlb.com/player/664983,McCarthy,Arizona Diamondbacks
676760,https://www.mlb.com/player/676760,Marinaccio,New York Yankees
642731,https://www.mlb.com/player/642731,Estrada,San Francisco Giants
641401,https://www.mlb.com/player/641401,Brogdon,Philadelphia Phillies
666922,https://www.mlb.com/player/666922,Aguilar R,Los Angeles Angels
605548,https://www.mlb.com/player/605548,Zimmer,Toronto Blue Jays
641645,https://www.mlb.com/player/641645,Guillorme,New York Mets
673490,https://www.mlb.com/player/673490,Kim,San Diego Padres
671277,https://www.mlb.com/player/671277,García L,Washington Nationals
676724,https://www.mlb.com/player/676724,Young J,Chicago Cubs
457759,https://www.mlb.com/player/457759,Turner J,Los Angeles Dodgers
676720,https://www.mlb.com/player/676720,Romero T,Tampa Bay Rays
682171,https://www.mlb.com/player/682171,Murfee,Seattle Mariners
681082,https://www.mlb.com/player/681082,Stott,Philadelphia Phillies
665871,https://www.mlb.com/player/665871,Assad,Chicago Cubs
444482,https://www.mlb.com/player/444482,Peralta,Tampa Bay Rays
571466,https://www.mlb.com/player/571466,Barnhart,Detroit Tigers
683021,https://www.mlb.com/player/683021,Stefanic,Los Angeles Angels
661269,https://www.mlb.com/player/661269,Gutierrez,Cincinnati Reds
628450,https://www.mlb.com/player/628450,Hernandez Y,Washington Nationals
665625,https://www.mlb.com/player/665625,Peguero E,Los Angeles Angels
628451,https://www.mlb.com/player/628451,Ibáñez,Texas Rangers
664776,https://www.mlb.com/player/664776,Cousins,Milwaukee Brewers
628452,https://www.mlb.com/player/628452,Iglesias R,Atlanta Braves
664774,https://www.mlb.com/player/664774,Wade Jr.,San Francisco Giants
665621,https://www.mlb.com/player/665621,García R,Detroit Tigers
650382,https://www.mlb.com/player/650382,Hernandez D,Boston Red Sox
493603,https://www.mlb.com/player/493603,Ottavino,New York Mets
605538,https://www.mlb.com/player/605538,Wisler,Tampa Bay Rays
606625,https://www.mlb.com/player/606625,Moronta,Arizona Diamondbacks
641658,https://www.mlb.com/player/641658,Hampson,Colorado Rockies
477132,https://www.mlb.com/player/477132,Kershaw,Los Angeles Dodgers
671289,https://www.mlb.com/player/671289,Freeman T,Cleveland Guardians
622098,https://www.mlb.com/player/622098,Smith Dr,New York Mets
665862,https://www.mlb.com/player/665862,Chisholm Jr.,Miami Marlins
571479,https://www.mlb.com/player/571479,Bellatti,Philadelphia Phillies
594577,https://www.mlb.com/player/594577,Mayers,Los Angeles Angels
665861,https://www.mlb.com/player/665861,Rivero,Kansas City Royals
594580,https://www.mlb.com/player/594580,Moll,Oakland Athletics
502202,https://www.mlb.com/player/502202,Boxberger,Milwaukee Brewers
663436,https://www.mlb.com/player/663436,Martin,Chicago White Sox
661255,https://www.mlb.com/player/661255,Lopez Y,New York Mets
663432,https://www.mlb.com/player/663432,Rainey,Washington Nationals
434671,https://www.mlb.com/player/434671,Sánchez An,Washington Nationals
455119,https://www.mlb.com/player/455119,Martin,Los Angeles Dodgers
642758,https://www.mlb.com/player/642758,Acevedo,Oakland Athletics
455117,https://www.mlb.com/player/455117,Maldonado,Houston Astros
453178,https://www.mlb.com/player/453178,Kennedy I,Arizona Diamondbacks
605525,https://www.mlb.com/player/605525,Wendelken,Arizona Diamondbacks
641680,https://www.mlb.com/player/641680,Heim,Texas Rangers
592348,https://www.mlb.com/player/592348,Goodrum,Houston Astros
605507,https://www.mlb.com/player/605507,Thompson Z.R.,Pittsburgh Pirates
518813,https://www.mlb.com/player/518813,Holland G,Texas Rangers
641682,https://www.mlb.com/player/641682,Hendrix,Cincinnati Reds
641684,https://www.mlb.com/player/641684,Hermosillo,Chicago Cubs
642770,https://www.mlb.com/player/642770,Guerra,Tampa Bay Rays
663474,https://www.mlb.com/player/663474,McKenzie,Cleveland Guardians
665650,https://www.mlb.com/player/665650,Fox,Washington Nationals
572971,https://www.mlb.com/player/572971,Keuchel,Texas Rangers
571882,https://www.mlb.com/player/571882,Law D,Cincinnati Reds
592346,https://www.mlb.com/player/592346,Gonzalez C,New York Yankees
662139,https://www.mlb.com/player/662139,Varsho,Arizona Diamondbacks
489334,https://www.mlb.com/player/489334,Stammen,San Diego Padres
665645,https://www.mlb.com/player/665645,Castro K,Chicago Cubs
664314,https://www.mlb.com/player/664314,Florial,New York Yankees
656941,https://www.mlb.com/player/656941,Schwarber,Philadelphia Phillies
666974,https://www.mlb.com/player/666974,Cano,Minnesota Twins
641432,https://www.mlb.com/player/641432,Calhoun W,San Francisco Giants
501381,https://www.mlb.com/player/501381,Pineda,Detroit Tigers
676551,https://www.mlb.com/player/676551,Hicklen,Kansas City Royals
642528,https://www.mlb.com/player/642528,Loáisiga,New York Yankees
643615,https://www.mlb.com/player/643615,Zeuch,Cincinnati Reds
623168,https://www.mlb.com/player/623168,Heineman,Pittsburgh Pirates
677649,https://www.mlb.com/player/677649,Duran E,Texas Rangers
666971,https://www.mlb.com/player/666971,Gurriel Jr.,Toronto Blue Jays
623167,https://www.mlb.com/player/623167,Flexen,Seattle Mariners
622075,https://www.mlb.com/player/622075,Almonte,Los Angeles Dodgers
571656,https://www.mlb.com/player/571656,Farmer B,Cincinnati Reds
571657,https://www.mlb.com/player/571657,Farmer K,Cincinnati Reds
593428,https://www.mlb.com/player/593428,Bogaerts,Boston Red Sox
622072,https://www.mlb.com/player/622072,Wood,San Francisco Giants
593423,https://www.mlb.com/player/593423,Montas,New York Yankees
542914,https://www.mlb.com/player/542914,Bass,Toronto Blue Jays
663460,https://www.mlb.com/player/663460,Bubic,Kansas City Royals
592332,https://www.mlb.com/player/592332,Gausman,Toronto Blue Jays
570560,https://www.mlb.com/player/570560,Sanchez,Boston Red Sox
467793,https://www.mlb.com/player/467793,Santana,Seattle Mariners
503556,https://www.mlb.com/player/503556,Gonzalez,New York Yankees
663698,https://www.mlb.com/player/663698,Bart,San Francisco Giants
443558,https://www.mlb.com/player/443558,Cruz N,Washington Nationals
663457,https://www.mlb.com/player/663457,Nootbaar,St. Louis Cardinals
663697,https://www.mlb.com/player/663697,India,Cincinnati Reds
663455,https://www.mlb.com/player/663455,Pilkington,Cleveland Guardians
666721,https://www.mlb.com/player/666721,Castillo M,Kansas City Royals
645801,https://www.mlb.com/player/645801,Ford,Los Angeles Angels
547379,https://www.mlb.com/player/547379,Perez,Pittsburgh Pirates
677651,https://www.mlb.com/player/677651,Garcia L,Houston Astros
668901,https://www.mlb.com/player/668901,Vientos,New York Mets
605504,https://www.mlb.com/player/605504,Thomas D,Los Angeles Angels
680814,https://www.mlb.com/player/680814,Burdick,Miami Marlins
650391,https://www.mlb.com/player/650391,Jiménez E,Chicago White Sox
668904,https://www.mlb.com/player/668904,Lewis,Minnesota Twins
641447,https://www.mlb.com/player/641447,Castano,Miami Marlins
666969,https://www.mlb.com/player/666969,García Ad,Texas Rangers
516416,https://www.mlb.com/player/516416,Segura,Philadelphia Phillies
595879,https://www.mlb.com/player/595879,Báez J,Detroit Tigers
622065,https://www.mlb.com/player/622065,Young Al,San Francisco Giants
668941,https://www.mlb.com/player/668941,Romero J,St. Louis Cardinals
668942,https://www.mlb.com/player/668942,Rojas J,Arizona Diamondbacks
673258,https://www.mlb.com/player/673258,Baez,San Diego Padres
656954,https://www.mlb.com/player/656954,Sheffield,Seattle Mariners
656716,https://www.mlb.com/player/656716,McKinstry,Chicago Cubs
664337,https://www.mlb.com/player/664337,Yajure,Pittsburgh Pirates
664334,https://www.mlb.com/player/664334,Whitefield,Los Angeles Angels
665665,https://www.mlb.com/player/665665,Sanmartin,Cincinnati Reds
671083,https://www.mlb.com/player/671083,Kennedy B,Arizona Diamondbacks
668933,https://www.mlb.com/player/668933,Ashcraft,Cincinnati Reds
642546,https://www.mlb.com/player/642546,Hernández J,Texas Rangers
642545,https://www.mlb.com/player/642545,Barria,Los Angeles Angels
642547,https://www.mlb.com/player/642547,Peralta F,Milwaukee Brewers
668939,https://www.mlb.com/player/668939,Rutschman,Baltimore Orioles
623149,https://www.mlb.com/player/623149,Sewald,Seattle Mariners
641470,https://www.mlb.com/player/641470,Collins,Pittsburgh Pirates
643410,https://www.mlb.com/player/643410,Leiter Jr.,Chicago Cubs
677865,https://www.mlb.com/player/677865,Bruihl,Los Angeles Dodgers
676534,https://www.mlb.com/player/676534,Faucher,Tampa Bay Rays
663485,https://www.mlb.com/player/663485,Sands,Minnesota Twins
656945,https://www.mlb.com/player/656945,Scott Tan,Miami Marlins
592351,https://www.mlb.com/player/592351,Gray Jn,Texas Rangers
594777,https://www.mlb.com/player/594777,Calhoun,Texas Rangers
572761,https://www.mlb.com/player/572761,Carpenter,New York Yankees
571670,https://www.mlb.com/player/571670,Floro,Miami Marlins
665896,https://www.mlb.com/player/665896,Marte J,Los Angeles Angels
669134,https://www.mlb.com/player/669134,Campusano,San Diego Padres
592789,https://www.mlb.com/player/592789,Syndergaard,Philadelphia Phillies
670124,https://www.mlb.com/player/670124,Oller,Oakland Athletics
571602,https://www.mlb.com/player/571602,Davidson,Oakland Athletics
671213,https://www.mlb.com/player/671213,Casas,Boston Red Sox
671218,https://www.mlb.com/player/671218,Ramos,San Francisco Giants
669374,https://www.mlb.com/player/669374,Hiura,Milwaukee Brewers
593871,https://www.mlb.com/player/593871,Polanco,Minnesota Twins
669373,https://www.mlb.com/player/669373,Skubal,Detroit Tigers
664913,https://www.mlb.com/player/664913,Brown S,Oakland Athletics
605151,https://www.mlb.com/player/605151,Bradley,Los Angeles Angels
579328,https://www.mlb.com/player/579328,Kikuchi,Toronto Blue Jays
608422,https://www.mlb.com/player/608422,Godoy,Pittsburgh Pirates
608665,https://www.mlb.com/player/608665,Graveman,Chicago White Sox
661403,https://www.mlb.com/player/661403,Clase,Cleveland Guardians
605397,https://www.mlb.com/player/605397,Musgrove,San Diego Padres
605156,https://www.mlb.com/player/605156,Brooks,St. Louis Cardinals
605154,https://www.mlb.com/player/605154,Brebbia,San Francisco Giants
453568,https://www.mlb.com/player/453568,Blackmon,Colorado Rockies
656061,https://www.mlb.com/player/656061,Abreu A,New York Yankees
600921,https://www.mlb.com/player/600921,Machado A,Washington Nationals
671221,https://www.mlb.com/player/671221,Waters,Kansas City Royals
669369,https://www.mlb.com/player/669369,Johnson B,San Francisco Giants
669127,https://www.mlb.com/player/669127,Langeliers,Oakland Athletics
572703,https://www.mlb.com/player/572703,Bard L,Tampa Bay Rays
457705,https://www.mlb.com/player/457705,McCutchen,Milwaukee Brewers
457708,https://www.mlb.com/player/457708,Upton,Seattle Mariners
647351,https://www.mlb.com/player/647351,Toro,Seattle Mariners
592773,https://www.mlb.com/player/592773,Stanek,Houston Astros
664901,https://www.mlb.com/player/664901,Mendick,Chicago White Sox
605141,https://www.mlb.com/player/605141,Betts,Los Angeles Dodgers
608652,https://www.mlb.com/player/608652,Farrell,Chicago Cubs
660787,https://www.mlb.com/player/660787,De Los Santos Y,Pittsburgh Pirates
547973,https://www.mlb.com/player/547973,Chapman,New York Yankees
543135,https://www.mlb.com/player/543135,Eovaldi,Boston Red Sox
656290,https://www.mlb.com/player/656290,Carlton,Detroit Tigers
657140,https://www.mlb.com/player/657140,Wright,Atlanta Braves
669397,https://www.mlb.com/player/669397,Allen N,Oakland Athletics
592325,https://www.mlb.com/player/592325,Gamel,Pittsburgh Pirates
592567,https://www.mlb.com/player/592567,Moran,Cincinnati Reds
572955,https://www.mlb.com/player/572955,Johnson,San Diego Padres
670102,https://www.mlb.com/player/670102,Francis,Toronto Blue Jays
600917,https://www.mlb.com/player/600917,Leclerc,Texas Rangers
669394,https://www.mlb.com/player/669394,Burger,Chicago White Sox
519043,https://www.mlb.com/player/519043,Moore,Texas Rangers
669395,https://www.mlb.com/player/669395,Coleman,Kansas City Royals
681481,https://www.mlb.com/player/681481,Carpenter K,Detroit Tigers
663845,https://www.mlb.com/player/663845,Rivas,Chicago Cubs
605130,https://www.mlb.com/player/605130,Barlow S,Kansas City Royals
444876,https://www.mlb.com/player/444876,Escobar A,Washington Nationals
641816,https://www.mlb.com/player/641816,Mahle,Minnesota Twins
605131,https://www.mlb.com/player/605131,Barnes A,Los Angeles Dodgers
605137,https://www.mlb.com/player/605137,Bell,San Diego Padres
608648,https://www.mlb.com/player/608648,Duffey,Minnesota Twins
605135,https://www.mlb.com/player/605135,Bassitt,New York Mets
606466,https://www.mlb.com/player/606466,Marte K,Arizona Diamondbacks
453343,https://www.mlb.com/player/453343,Melancon,Arizona Diamondbacks
669145,https://www.mlb.com/player/669145,Zimmermann,Baltimore Orioles
649557,https://www.mlb.com/player/649557,Díaz,Houston Astros
670351,https://www.mlb.com/player/670351,Rojas J,Los Angeles Angels
543105,https://www.mlb.com/player/543105,Dickerson A,Atlanta Braves
547943,https://www.mlb.com/player/547943,Ryu,Toronto Blue Jays
571875,https://www.mlb.com/player/571875,Lamb,Seattle Mariners
593643,https://www.mlb.com/player/593643,Alberto,Los Angeles Dodgers
592791,https://www.mlb.com/player/592791,Taillon,New York Yankees
672779,https://www.mlb.com/player/672779,Marcano,Pittsburgh Pirates
501985,https://www.mlb.com/player/501985,Minor,Cincinnati Reds
608638,https://www.mlb.com/player/608638,Chargois,Tampa Bay Rays
641820,https://www.mlb.com/player/641820,Mancini,Houston Astros
606213,https://www.mlb.com/player/606213,Mercedes Y,San Francisco Giants
543351,https://www.mlb.com/player/543351,Jackson J,Atlanta Braves
663837,https://www.mlb.com/player/663837,Vierling,Philadelphia Phillies
543592,https://www.mlb.com/player/543592,Nola Au,San Diego Padres
670167,https://www.mlb.com/player/670167,Schreiber,Boston Red Sox
676946,https://www.mlb.com/player/676946,Batten,San Diego Padres
650556,https://www.mlb.com/player/650556,Abreu B,Houston Astros
592743,https://www.mlb.com/player/592743,Simmons,Chicago Cubs
676701,https://www.mlb.com/player/676701,Trejo,Colorado Rockies
545358,https://www.mlb.com/player/545358,Stassi,Los Angeles Angels
571800,https://www.mlb.com/player/571800,Hutchison,Detroit Tigers
592741,https://www.mlb.com/player/592741,Shreve,New York Mets
429664,https://www.mlb.com/player/429664,Canó R,Atlanta Braves
650559,https://www.mlb.com/player/650559,De La Cruz,Miami Marlins
663624,https://www.mlb.com/player/663624,Mountcastle,Baltimore Orioles
605353,https://www.mlb.com/player/605353,Machín,Oakland Athletics
607536,https://www.mlb.com/player/607536,Freeland,Colorado Rockies
657193,https://www.mlb.com/player/657193,Alvarez,Los Angeles Dodgers
676950,https://www.mlb.com/player/676950,MacKinnon,Oakland Athletics
605113,https://www.mlb.com/player/605113,Ahmed,Arizona Diamondbacks
605119,https://www.mlb.com/player/605119,Anderson B,Miami Marlins
545121,https://www.mlb.com/player/545121,Vargas I,Washington Nationals
663629,https://www.mlb.com/player/663629,Small,Milwaukee Brewers
670174,https://www.mlb.com/player/670174,Winckowski,Boston Red Sox
641835,https://www.mlb.com/player/641835,Mayza,Toronto Blue Jays
545361,https://www.mlb.com/player/545361,Trout,Los Angeles Angels
669169,https://www.mlb.com/player/669169,Heasley,Kansas City Royals
676714,https://www.mlb.com/player/676714,Hughes,Chicago Cubs
676710,https://www.mlb.com/player/676710,Crawford K,Boston Red Sox
672356,https://www.mlb.com/player/672356,Arias,Cleveland Guardians
448179,https://www.mlb.com/player/448179,Hill,Boston Red Sox
661440,https://www.mlb.com/player/661440,Llovera,San Francisco Giants
519058,https://www.mlb.com/player/519058,Moustakas,Cincinnati Reds
519293,https://www.mlb.com/player/519293,Smith W.M.,Houston Astros
664702,https://www.mlb.com/player/664702,Straw,Cleveland Guardians
664944,https://www.mlb.com/player/664944,Vieaux,Pittsburgh Pirates
598287,https://www.mlb.com/player/598287,Ramirez No,Arizona Diamondbacks
663855,https://www.mlb.com/player/663855,Hicks J,St. Louis Cardinals
683002,https://www.mlb.com/player/683002,Henderson,Baltimore Orioles
602074,https://www.mlb.com/player/602074,Daza,Colorado Rockies
686752,https://www.mlb.com/player/686752,Pepiot,Los Angeles Dodgers
664942,https://www.mlb.com/player/664942,Naile,St. Louis Cardinals
663611,https://www.mlb.com/player/663611,Madrigal,Chicago Cubs
663853,https://www.mlb.com/player/663853,Gonzalez R,Chicago White Sox
605347,https://www.mlb.com/player/605347,López Jo,Minnesota Twins
545350,https://www.mlb.com/player/545350,Marisnick,Pittsburgh Pirates
663616,https://www.mlb.com/player/663616,Larnach,Minnesota Twins
664948,https://www.mlb.com/player/664948,Misiewicz,Kansas City Royals
592767,https://www.mlb.com/player/592767,Smyly,Chicago Cubs
593619,https://www.mlb.com/player/593619,Tapia D,Oakland Athletics
650333,https://www.mlb.com/player/650333,Arraez,Minnesota Twins
650331,https://www.mlb.com/player/650331,Díaz L,Miami Marlins
570731,https://www.mlb.com/player/570731,Schoop,Detroit Tigers
669194,https://www.mlb.com/player/669194,Nelson R,Arizona Diamondbacks
592761,https://www.mlb.com/player/592761,Smith C,Arizona Diamondbacks
650339,https://www.mlb.com/player/650339,Palacios,Minnesota Twins
663647,https://www.mlb.com/player/663647,Hayes,Pittsburgh Pirates
642708,https://www.mlb.com/player/642708,Rosario A,Cleveland Guardians
608841,https://www.mlb.com/player/608841,Meneses,Washington Nationals
663886,https://www.mlb.com/player/663886,Stephenson T,Cincinnati Reds
664731,https://www.mlb.com/player/664731,Higgins,Chicago Cubs
606424,https://www.mlb.com/player/606424,García J,San Francisco Giants
445926,https://www.mlb.com/player/445926,Chavez,Atlanta Braves
607755,https://www.mlb.com/player/607755,Vasquez,Toronto Blue Jays
641853,https://www.mlb.com/player/641853,McKay,Tampa Bay Rays
545343,https://www.mlb.com/player/545343,Head,Baltimore Orioles
545341,https://www.mlb.com/player/545341,Grichuk,Colorado Rockies
642701,https://www.mlb.com/player/642701,Santana D,Texas Rangers
641857,https://www.mlb.com/player/641857,McMahon,Colorado Rockies
665828,https://www.mlb.com/player/665828,Cabrera O,New York Yankees
666915,https://www.mlb.com/player/666915,Dalbec,Boston Red Sox
641856,https://www.mlb.com/player/641856,McKinney,Oakland Athletics
672335,https://www.mlb.com/player/672335,Pérez C,Baltimore Orioles
670156,https://www.mlb.com/player/670156,Mastrobuoni,Tampa Bay Rays
672578,https://www.mlb.com/player/672578,Hernández C,Kansas City Royals
547989,https://www.mlb.com/player/547989,Abreu J,Chicago White Sox
592518,https://www.mlb.com/player/592518,Machado M,San Diego Padres
641871,https://www.mlb.com/player/641871,Middleton,Arizona Diamondbacks
501303,https://www.mlb.com/player/501303,Adrianza,Atlanta Braves
641627,https://www.mlb.com/player/641627,Gott,Milwaukee Brewers
686972,https://www.mlb.com/player/686972,Waites,San Francisco Giants
686973,https://www.mlb.com/player/686973,Varland,Minnesota Twins
663630,https://www.mlb.com/player/663630,McKenna,Baltimore Orioles
672580,https://www.mlb.com/player/672580,Garcia M,Kansas City Royals
642715,https://www.mlb.com/player/642715,Adames,Milwaukee Brewers
664728,https://www.mlb.com/player/664728,Isbel,Kansas City Royals
621112,https://www.mlb.com/player/621112,Blackburn,Oakland Athletics
621111,https://www.mlb.com/player/621111,Buehler,Los Angeles Dodgers
621114,https://www.mlb.com/player/621114,Burr,Chicago White Sox
519306,https://www.mlb.com/player/519306,Souza Jr.,Seattle Mariners
668684,https://www.mlb.com/player/668684,Tully,Cleveland Guardians
670764,https://www.mlb.com/player/670764,Walls,Tampa Bay Rays
592826,https://www.mlb.com/player/592826,Velasquez,Chicago White Sox
622682,https://www.mlb.com/player/622682,Reyes V,Detroit Tigers
621593,https://www.mlb.com/player/621593,Castro A,Cleveland Guardians
656458,https://www.mlb.com/player/656458,Gilbreath,Colorado Rockies
670768,https://www.mlb.com/player/670768,Gonzalez L,San Francisco Giants
666023,https://www.mlb.com/player/666023,Fermin,Kansas City Royals
518692,https://www.mlb.com/player/518692,Freeman F,Los Angeles Dodgers
650911,https://www.mlb.com/player/650911,Sánchez C,Philadelphia Phillies
677161,https://www.mlb.com/player/677161,Kelly Z,Boston Red Sox
607054,https://www.mlb.com/player/607054,Peterson,Milwaukee Brewers
656222,https://www.mlb.com/player/656222,Beeks,Tampa Bay Rays
656464,https://www.mlb.com/player/656464,Ginkel,Arizona Diamondbacks
682985,https://www.mlb.com/player/682985,Greene R,Detroit Tigers
657557,https://www.mlb.com/player/657557,DeJong,St. Louis Cardinals
608385,https://www.mlb.com/player/608385,Winker,Seattle Mariners
666018,https://www.mlb.com/player/666018,Aranda,Tampa Bay Rays
642048,https://www.mlb.com/player/642048,Saucedo,Toronto Blue Jays
621107,https://www.mlb.com/player/621107,Eflin,Philadelphia Phillies
621348,https://www.mlb.com/player/621348,Clay,Washington Nationals
665161,https://www.mlb.com/player/665161,Peña,Houston Astros
643396,https://www.mlb.com/player/643396,Kiner-Falefa,New York Yankees
672710,https://www.mlb.com/player/672710,Contreras,Pittsburgh Pirates
643393,https://www.mlb.com/player/643393,Kemp,Oakland Athletics
621345,https://www.mlb.com/player/621345,Minter,Atlanta Braves
670770,https://www.mlb.com/player/670770,Friedl,Cincinnati Reds
623520,https://www.mlb.com/player/623520,Bote,Chicago Cubs
668676,https://www.mlb.com/player/668676,Plesac,Cleveland Guardians
668678,https://www.mlb.com/player/668678,Gallen,Arizona Diamondbacks
650907,https://www.mlb.com/player/650907,Pinto R,Tampa Bay Rays
656448,https://www.mlb.com/player/656448,Garrett S,Arizona Diamondbacks
608371,https://www.mlb.com/player/608371,Sims,Cincinnati Reds
664076,https://www.mlb.com/player/664076,Cleavinger,Tampa Bay Rays
606192,https://www.mlb.com/player/606192,Hernández T,Toronto Blue Jays
672715,https://www.mlb.com/player/672715,Patiño,Tampa Bay Rays
676083,https://www.mlb.com/player/676083,Junk,Los Angeles Angels
607043,https://www.mlb.com/player/607043,Nimmo,New York Mets
656695,https://www.mlb.com/player/656695,Matijevic,Houston Astros
608379,https://www.mlb.com/player/608379,Wacha,Boston Red Sox
656457,https://www.mlb.com/player/656457,Gilbert T,Arizona Diamondbacks
682998,https://www.mlb.com/player/682998,Carroll,Arizona Diamondbacks
450203,https://www.mlb.com/player/450203,Morton,Atlanta Braves
660707,https://www.mlb.com/player/660707,Montero E,Colorado Rockies
622666,https://www.mlb.com/player/622666,Camargo,Philadelphia Phillies
622663,https://www.mlb.com/player/622663,Severino L,New York Yankees
543877,https://www.mlb.com/player/543877,Vázquez,Houston Astros
544727,https://www.mlb.com/player/544727,Familia,Boston Red Sox
621573,https://www.mlb.com/player/621573,Dean,San Francisco Giants
623993,https://www.mlb.com/player/623993,Santander,Baltimore Orioles
544725,https://www.mlb.com/player/544725,Garcia Le,Chicago White Sox
667376,https://www.mlb.com/player/667376,Sánchez M,Milwaukee Brewers
519326,https://www.mlb.com/player/519326,Strickland,Cincinnati Reds
571901,https://www.mlb.com/player/571901,Loup,Los Angeles Angels
592848,https://www.mlb.com/player/592848,Weiss,Los Angeles Angels
542303,https://www.mlb.com/player/542303,Ozuna,Atlanta Braves
668227,https://www.mlb.com/player/668227,Arozarena,Tampa Bay Rays
593934,https://www.mlb.com/player/593934,Sanó,Minnesota Twins
676050,https://www.mlb.com/player/676050,Naughton,St. Louis Cardinals
658668,https://www.mlb.com/player/658668,Olivares,Kansas City Royals
656248,https://www.mlb.com/player/656248,Bouchard,Colorado Rockies
608369,https://www.mlb.com/player/608369,Seager,Texas Rangers
621566,https://www.mlb.com/player/621566,Olson,Atlanta Braves
657571,https://www.mlb.com/player/657571,Ferguson,Los Angeles Dodgers
621563,https://www.mlb.com/player/621563,Wendle,Miami Marlins
519317,https://www.mlb.com/player/519317,Stanton,New York Yankees
664092,https://www.mlb.com/player/664092,Poppen,Arizona Diamondbacks
670990,https://www.mlb.com/player/670990,Ramirez Y,Pittsburgh Pirates
601713,https://www.mlb.com/player/601713,Pivetta,Boston Red Sox
642086,https://www.mlb.com/player/642086,Smith Do,New York Mets
571912,https://www.mlb.com/player/571912,Maile,Cleveland Guardians
600869,https://www.mlb.com/player/600869,Candelario,Detroit Tigers
669302,https://www.mlb.com/player/669302,Gilbert L,Seattle Mariners
592836,https://www.mlb.com/player/592836,Walker T,New York Mets
669304,https://www.mlb.com/player/669304,Miranda,Minnesota Twins
658648,https://www.mlb.com/player/658648,Avila,San Diego Padres
608596,https://www.mlb.com/player/608596,Murphy To,Seattle Mariners
608597,https://www.mlb.com/player/608597,Guzmán R,New York Yankees
680552,https://www.mlb.com/player/680552,Swaggerty,Pittsburgh Pirates
656234,https://www.mlb.com/player/656234,Bird,Colorado Rockies
678246,https://www.mlb.com/player/678246,Vargas M,Los Angeles Dodgers
647304,https://www.mlb.com/player/647304,Naylor J,Cleveland Guardians
649966,https://www.mlb.com/player/649966,Urías L,Milwaukee Brewers
621550,https://www.mlb.com/player/621550,Wisdom,Chicago Cubs
650959,https://www.mlb.com/player/650959,Diplán M,Baltimore Orioles
606160,https://www.mlb.com/player/606160,Montero,Houston Astros
596146,https://www.mlb.com/player/596146,Kepler,Minnesota Twins
669330,https://www.mlb.com/player/669330,Wells T,Baltimore Orioles
608344,https://www.mlb.com/player/608344,Irvin,Oakland Athletics
681217,https://www.mlb.com/player/681217,Silseth,Los Angeles Angels
607259,https://www.mlb.com/player/607259,Martinez N,San Diego Padres
660757,https://www.mlb.com/player/660757,Gonzalez O,Cleveland Guardians
608348,https://www.mlb.com/player/608348,Kelly C,Arizona Diamondbacks
608349,https://www.mlb.com/player/608349,Knebel,Philadelphia Phillies
647315,https://www.mlb.com/player/647315,Pop,Toronto Blue Jays
620454,https://www.mlb.com/player/620454,Castillo J,San Diego Padres
518489,https://www.mlb.com/player/518489,Brasier,Boston Red Sox
672515,https://www.mlb.com/player/672515,Moreno,Toronto Blue Jays
424144,https://www.mlb.com/player/424144,Pérez O,Arizona Diamondbacks
554340,https://www.mlb.com/player/554340,Garcia Y,Toronto Blue Jays
668472,https://www.mlb.com/player/668472,Pratto,Kansas City Royals
596142,https://www.mlb.com/player/596142,Sanchez,Minnesota Twins
657585,https://www.mlb.com/player/657585,Garrett R,Washington Nationals
656495,https://www.mlb.com/player/656495,Guthrie,Philadelphia Phillies
656252,https://www.mlb.com/player/656252,Bradley,Cleveland Guardians
678061,https://www.mlb.com/player/678061,Kerr,San Diego Padres
681464,https://www.mlb.com/player/681464,German,Boston Red Sox
607481,https://www.mlb.com/player/607481,Bummer,Chicago White Sox
658431,https://www.mlb.com/player/658431,Medina,New York Mets
608577,https://www.mlb.com/player/608577,Mazara,San Diego Padres
606157,https://www.mlb.com/player/606157,Aquino,Cincinnati Reds
572193,https://www.mlb.com/player/572193,Tepera,Los Angeles Angels
656257,https://www.mlb.com/player/656257,Brigham,Miami Marlins
572191,https://www.mlb.com/player/572191,Taylor M,Kansas City Royals
608331,https://www.mlb.com/player/608331,Fried,Atlanta Braves
542364,https://www.mlb.com/player/542364,Ortega,Chicago Cubs
608336,https://www.mlb.com/player/608336,Gallo,Los Angeles Dodgers
608337,https://www.mlb.com/player/608337,Giolito,Chicago White Sox
670541,https://www.mlb.com/player/670541,Alvarez Y,Houston Astros
621532,https://www.mlb.com/player/621532,Bemboom,Baltimore Orioles
620443,https://www.mlb.com/player/620443,Torrens,Seattle Mariners
669358,https://www.mlb.com/player/669358,Baz,Tampa Bay Rays
592804,https://www.mlb.com/player/592804,Thornburg,Minnesota Twins
669357,https://www.mlb.com/player/669357,Gorman,St. Louis Cardinals
500743,https://www.mlb.com/player/500743,Rojas M,Miami Marlins
657129,https://www.mlb.com/player/657129,Wilson,Seattle Mariners
672724,https://www.mlb.com/player/672724,Peraza,New York Yankees
669352,https://www.mlb.com/player/669352,Thompson B,Texas Rangers
657376,https://www.mlb.com/player/657376,Schmidt,New York Yankees
676092,https://www.mlb.com/player/676092,Snider,Kansas City Royals
608324,https://www.mlb.com/player/608324,Bregman,Houston Astros
608566,https://www.mlb.com/player/608566,Márquez,Colorado Rockies
657136,https://www.mlb.com/player/657136,Wong,Boston Red Sox
606149,https://www.mlb.com/player/606149,Gallegos,St. Louis Cardinals
543685,https://www.mlb.com/player/543685,Rendon,Los Angeles Angels
607237,https://www.mlb.com/player/607237,Garrett A,Kansas City Royals
608328,https://www.mlb.com/player/608328,De Jong,Pittsburgh Pirates
646242,https://www.mlb.com/player/646242,Diaz J,Los Angeles Angels
650960,https://www.mlb.com/player/650960,Duarte,Cincinnati Reds
605280,https://www.mlb.com/player/605280,Holmes,New York Yankees
646240,https://www.mlb.com/player/646240,Devers,Boston Red Sox
606131,https://www.mlb.com/player/606131,Perdomo L,Milwaukee Brewers
607461,https://www.mlb.com/player/607461,Beaty,San Diego Padres
660766,https://www.mlb.com/player/660766,Yepez,St. Louis Cardinals
622608,https://www.mlb.com/player/622608,Senzatela,Colorado Rockies
605288,https://www.mlb.com/player/605288,Houser,Milwaukee Brewers
606132,https://www.mlb.com/player/606132,Tapia R,Toronto Blue Jays
660761,https://www.mlb.com/player/660761,Suarez J,Los Angeles Angels
542583,https://www.mlb.com/player/542583,Aguilar,Baltimore Orioles
542340,https://www.mlb.com/player/542340,Villar,Los Angeles Angels
542585,https://www.mlb.com/player/542585,Cisnero,Detroit Tigers
656271,https://www.mlb.com/player/656271,Burke,Texas Rangers
621512,https://www.mlb.com/player/621512,Nido,New York Mets
607229,https://www.mlb.com/player/607229,Gsellman,Chicago Cubs
657709,https://www.mlb.com/player/657709,Papierski,Cincinnati Reds
641360,https://www.mlb.com/player/641360,Bickford,Los Angeles Dodgers
642451,https://www.mlb.com/player/642451,Liberato,San Diego Padres
542963,https://www.mlb.com/player/542963,Brantly,New York Yankees
668843,https://www.mlb.com/player/668843,Capel,Oakland Athletics
445276,https://www.mlb.com/player/445276,Jansen,Atlanta Braves
595014,https://www.mlb.com/player/595014,Treinen,Los Angeles Dodgers
596103,https://www.mlb.com/player/596103,Slater,San Francisco Giants
572383,https://www.mlb.com/player/572383,Moran,Los Angeles Angels
664238,https://www.mlb.com/player/664238,Moore D,Seattle Mariners
547180,https://www.mlb.com/player/547180,Harper,Philadelphia Phillies
641598,https://www.mlb.com/player/641598,Garver,Texas Rangers
642203,https://www.mlb.com/player/642203,Widener,Arizona Diamondbacks
669923,https://www.mlb.com/player/669923,Kirby,Seattle Mariners
676477,https://www.mlb.com/player/676477,Whitlock,Boston Red Sox
641355,https://www.mlb.com/player/641355,Bellinger,Los Angeles Dodgers
681810,https://www.mlb.com/player/681810,Warren,Los Angeles Angels
676475,https://www.mlb.com/player/676475,Burleson,St. Louis Cardinals
642207,https://www.mlb.com/player/642207,Williams D,Milwaukee Brewers
613564,https://www.mlb.com/player/613564,Vosler,San Francisco Giants
663385,https://www.mlb.com/player/663385,Smith C,Colorado Rockies
656605,https://www.mlb.com/player/656605,Keller M,Pittsburgh Pirates
543807,https://www.mlb.com/player/543807,Springer,Toronto Blue Jays
656849,https://www.mlb.com/player/656849,Peterson D,New York Mets
676480,https://www.mlb.com/player/676480,Barrero,Cincinnati Reds
547173,https://www.mlb.com/player/547173,Lopes C,Oakland Athletics
663378,https://www.mlb.com/player/663378,Szapucki,San Francisco Giants
669912,https://www.mlb.com/player/669912,Snead,Oakland Athletics
642456,https://www.mlb.com/player/642456,Barrera,Oakland Athletics
669911,https://www.mlb.com/player/669911,Toglia,Colorado Rockies
680977,https://www.mlb.com/player/680977,Donovan,St. Louis Cardinals
547179,https://www.mlb.com/player/547179,Lorenzen,Los Angeles Angels
434378,https://www.mlb.com/player/434378,Verlander,Houston Astros
678662,https://www.mlb.com/player/678662,Tovar,Colorado Rockies
474832,https://www.mlb.com/player/474832,Belt,San Francisco Giants
680739,https://www.mlb.com/player/680739,Winder,Minnesota Twins
622268,https://www.mlb.com/player/622268,Walton,San Francisco Giants
669952,https://www.mlb.com/player/669952,White M,Toronto Blue Jays
642232,https://www.mlb.com/player/642232,Yarbrough,Tampa Bay Rays
642231,https://www.mlb.com/player/642231,Yacabonis,Tampa Bay Rays
518876,https://www.mlb.com/player/518876,Kelly M,Arizona Diamondbacks
573009,https://www.mlb.com/player/573009,Mantiply,Arizona Diamondbacks
623352,https://www.mlb.com/player/623352,Hader,San Diego Padres
669711,https://www.mlb.com/player/669711,Weissert,New York Yankees
656876,https://www.mlb.com/player/656876,Rasmussen,Tampa Bay Rays
664023,https://www.mlb.com/player/664023,Happ,Chicago Cubs
666201,https://www.mlb.com/player/666201,Manoah,Toronto Blue Jays
596129,https://www.mlb.com/player/596129,Vogelbach,New York Mets
666200,https://www.mlb.com/player/666200,Luzardo,Miami Marlins
542947,https://www.mlb.com/player/542947,Bleier,Miami Marlins
656638,https://www.mlb.com/player/656638,Lange,Detroit Tigers
595284,https://www.mlb.com/player/595284,Knapp,San Francisco Giants
596133,https://www.mlb.com/player/596133,Weaver,Kansas City Royals
502054,https://www.mlb.com/player/502054,Pham,Boston Red Sox
595281,https://www.mlb.com/player/595281,Kiermaier,Tampa Bay Rays
680700,https://www.mlb.com/player/680700,Palacios,Cleveland Guardians
643316,https://www.mlb.com/player/643316,Fry,Baltimore Orioles
676694,https://www.mlb.com/player/676694,Meyers,Houston Astros
493329,https://www.mlb.com/player/493329,Gurriel,Houston Astros
680704,https://www.mlb.com/player/680704,Sandlin,Cleveland Guardians
542932,https://www.mlb.com/player/542932,Berti,Miami Marlins
459429,https://www.mlb.com/player/459429,McGee,Washington Nationals
518626,https://www.mlb.com/player/518626,Donaldson,New York Yankees
624431,https://www.mlb.com/player/624431,Trevino,New York Yankees
641154,https://www.mlb.com/player/641154,López P,Miami Marlins
622251,https://www.mlb.com/player/622251,Staumont,Kansas City Royals
669701,https://www.mlb.com/player/669701,Smith Josh,Texas Rangers
622253,https://www.mlb.com/player/622253,Tate,Baltimore Orioles
596117,https://www.mlb.com/player/596117,Stubbs,Philadelphia Phillies
670912,https://www.mlb.com/player/670912,Oviedo,Pittsburgh Pirates
622250,https://www.mlb.com/player/622250,Sborz,Texas Rangers
446372,https://www.mlb.com/player/446372,Kluber,Tampa Bay Rays
622491,https://www.mlb.com/player/622491,Castillo L,Seattle Mariners
596112,https://www.mlb.com/player/596112,Stephenson R,Pittsburgh Pirates
656627,https://www.mlb.com/player/656627,Kolozsvary,Cincinnati Reds
596115,https://www.mlb.com/player/596115,Story,Boston Red Sox
656629,https://www.mlb.com/player/656629,Kopech,Chicago White Sox
609280,https://www.mlb.com/player/609280,Andújar,Pittsburgh Pirates
573262,https://www.mlb.com/player/573262,Yastrzemski,San Francisco Giants
502043,https://www.mlb.com/player/502043,Gibson,Philadelphia Phillies
664247,https://www.mlb.com/player/664247,Garlick,Minnesota Twins
663158,https://www.mlb.com/player/663158,Suarez R,San Diego Padres
502042,https://www.mlb.com/player/502042,Archer,Minnesota Twins
600474,https://www.mlb.com/player/600474,Severino,Milwaukee Brewers
669935,https://www.mlb.com/player/669935,Alexy,Texas Rangers
624428,https://www.mlb.com/player/624428,Frazier,Seattle Mariners
518617,https://www.mlb.com/player/518617,Diekman,Chicago White Sox
677551,https://www.mlb.com/player/677551,Franco,Tampa Bay Rays
642239,https://www.mlb.com/player/642239,Zastryzny,Los Angeles Angels
681806,https://www.mlb.com/player/681806,Wantz,Los Angeles Angels
668881,https://www.mlb.com/player/668881,Greene H,Cincinnati Reds
644433,https://www.mlb.com/player/644433,Tromp,Atlanta Braves
657745,https://www.mlb.com/player/657745,Rossman B,Philadelphia Phillies
666464,https://www.mlb.com/player/666464,Encarnacion,Miami Marlins
657746,https://www.mlb.com/player/657746,Ryan,Minnesota Twins
664285,https://www.mlb.com/player/664285,Valdez F,Houston Astros
664042,https://www.mlb.com/player/664042,Lakins Sr.,Baltimore Orioles
595453,https://www.mlb.com/player/595453,Wallach,Los Angeles Angels
613534,https://www.mlb.com/player/613534,Adams,San Diego Padres
664041,https://www.mlb.com/player/664041,Davis Ja,Boston Red Sox
446321,https://www.mlb.com/player/446321,Detwiler,Cincinnati Reds
664040,https://www.mlb.com/player/664040,Lowe B,Tampa Bay Rays
657508,https://www.mlb.com/player/657508,Baumann,Baltimore Orioles
656420,https://www.mlb.com/player/656420,Feyereisen,Tampa Bay Rays
609274,https://www.mlb.com/player/609274,Hernandez E,Texas Rangers
592192,https://www.mlb.com/player/592192,Canha,New York Mets
506433,https://www.mlb.com/player/506433,Darvish,San Diego Padres
643338,https://www.mlb.com/player/643338,Green,New York Yankees
624415,https://www.mlb.com/player/624415,Biggio,Toronto Blue Jays
644429,https://www.mlb.com/player/644429,Severino A,Chicago White Sox
678692,https://www.mlb.com/player/678692,Henriquez,Minnesota Twins
624413,https://www.mlb.com/player/624413,Alonso,New York Mets
670970,https://www.mlb.com/player/670970,Morejon,San Diego Padres
624414,https://www.mlb.com/player/624414,Arroyo,Boston Red Sox
621389,https://www.mlb.com/player/621389,Blach,Colorado Rockies
642020,https://www.mlb.com/player/642020,Robinson C,Cincinnati Reds
621383,https://www.mlb.com/player/621383,Banks,Chicago White Sox
544931,https://www.mlb.com/player/544931,Strasburg,Washington Nationals
669720,https://www.mlb.com/player/669720,Hays,Baltimore Orioles
518886,https://www.mlb.com/player/518886,Kimbrel,Los Angeles Dodgers
666214,https://www.mlb.com/player/666214,Wentz,Detroit Tigers
656887,https://www.mlb.com/player/656887,Reid-Foley,New York Mets
621381,https://www.mlb.com/player/621381,Strahm,Boston Red Sox
664034,https://www.mlb.com/player/664034,France,Seattle Mariners
666211,https://www.mlb.com/player/666211,Trammell,Seattle Mariners
672911,https://www.mlb.com/player/672911,Cruz,Atlanta Braves
665120,https://www.mlb.com/player/665120,Walsh,Los Angeles Angels
543606,https://www.mlb.com/player/543606,Odorizzi,Atlanta Braves
592178,https://www.mlb.com/player/592178,Bryant,Colorado Rockies
612434,https://www.mlb.com/player/612434,Castro,New York Yankees
664029,https://www.mlb.com/player/664029,Mathias,Texas Rangers
656413,https://www.mlb.com/player/656413,Fairchild,Cincinnati Reds
666205,https://www.mlb.com/player/666205,Muller,Atlanta Braves
666204,https://www.mlb.com/player/666204,Jiménez D,Oakland Athletics
656896,https://www.mlb.com/player/656896,Rivera,Arizona Diamondbacks
656412,https://www.mlb.com/player/656412,Faedo,Detroit Tigers
680777,https://www.mlb.com/player/680777,Jeffers,Minnesota Twins
643348,https://www.mlb.com/player/643348,Hamilton C,Minnesota Twins
678225,https://www.mlb.com/player/678225,Bae,Pittsburgh Pirates
680776,https://www.mlb.com/player/680776,Duran Ja,Boston Red Sox
669713,https://www.mlb.com/player/669713,Wesneski,Chicago Cubs
660906,https://www.mlb.com/player/660906,Perez F,Washington Nationals
668868,https://www.mlb.com/player/668868,Thompson Z.D.,St. Louis Cardinals
472610,https://www.mlb.com/player/472610,García L,San Diego Padres
668663,https://www.mlb.com/player/668663,Barrera,Washington Nationals
643361,https://www.mlb.com/player/643361,Herget,Tampa Bay Rays
645302,https://www.mlb.com/player/645302,Robles,Washington Nationals
624641,https://www.mlb.com/player/624641,Sosa E,Philadelphia Phillies
668665,https://www.mlb.com/player/668665,Nogosek,New York Mets
693821,https://www.mlb.com/player/693821,Elder,Atlanta Braves
573204,https://www.mlb.com/player/573204,Thielbar,Minnesota Twins
665155,https://www.mlb.com/player/665155,Maton N,Philadelphia Phillies
553882,https://www.mlb.com/player/553882,Narváez,Milwaukee Brewers
665152,https://www.mlb.com/player/665152,Kremer,Baltimore Orioles
664062,https://www.mlb.com/player/664062,Gonsolin,Los Angeles Dodgers
572362,https://www.mlb.com/player/572362,Erlin,Los Angeles Dodgers
657770,https://www.mlb.com/player/657770,Stout,Pittsburgh Pirates
607074,https://www.mlb.com/player/607074,Rodón,San Francisco Giants
425877,https://www.mlb.com/player/425877,Molina,St. Louis Cardinals
656686,https://www.mlb.com/player/656686,Martin Co,Arizona Diamondbacks
656685,https://www.mlb.com/player/656685,Martin B,Texas Rangers
664059,https://www.mlb.com/player/664059,Haggerty,Seattle Mariners
642028,https://www.mlb.com/player/642028,Rogers J,Washington Nationals
682928,https://www.mlb.com/player/682928,Abrams,Washington Nationals
621368,https://www.mlb.com/player/621368,Hearn,Texas Rangers
674072,https://www.mlb.com/player/674072,Henry,Arizona Diamondbacks
541645,https://www.mlb.com/player/541645,García Av,Miami Marlins
679529,https://www.mlb.com/player/679529,Torkelson,Detroit Tigers
621366,https://www.mlb.com/player/621366,Borucki,Seattle Mariners
643377,https://www.mlb.com/player/643377,Jax,Minnesota Twins
541640,https://www.mlb.com/player/541640,Ramirez,Washington Nationals
669743,https://www.mlb.com/player/669743,Call,Washington Nationals
669742,https://www.mlb.com/player/669742,Hall D,Philadelphia Phillies
622694,https://www.mlb.com/player/622694,Hernandez E,Miami Marlins
670950,https://www.mlb.com/player/670950,Richards T,Toronto Blue Jays
621363,https://www.mlb.com/player/621363,Poche,Tampa Bay Rays
621121,https://www.mlb.com/player/621121,McCullers Jr.,Houston Astros
643376,https://www.mlb.com/player/643376,Jansen D,Toronto Blue Jays
664058,https://www.mlb.com/player/664058,Fletcher,Los Angeles Angels
664299,https://www.mlb.com/player/664299,Javier,Houston Astros
670955,https://www.mlb.com/player/670955,Uceta,Arizona Diamondbacks
670712,https://www.mlb.com/player/670712,Brosseau,Milwaukee Brewers
664056,https://www.mlb.com/player/664056,Bader,New York Yankees
657756,https://www.mlb.com/player/657756,Seabold,Boston Red Sox
657757,https://www.mlb.com/player/657757,Sheets,Chicago White Sox
656669,https://www.mlb.com/player/656669,Luplow,Arizona Diamondbacks
656427,https://www.mlb.com/player/656427,Flaherty,St. Louis Cardinals
572125,https://www.mlb.com/player/572125,Selman,Oakland Athletics
664054,https://www.mlb.com/player/664054,Stashak,Minnesota Twins
446334,https://www.mlb.com/player/446334,Longoria,San Francisco Giants
664294,https://www.mlb.com/player/664294,Moreta,Cincinnati Reds
543829,https://www.mlb.com/player/543829,Strange-Gordon,Washington Nationals
489265,https://www.mlb.com/player/489265,Romo,Toronto Blue Jays
502085,https://www.mlb.com/player/502085,Robertson,Philadelphia Phillies
680757,https://www.mlb.com/player/680757,Kwan,Cleveland Guardians
676265,https://www.mlb.com/player/676265,Abbott,Washington Nationals
553869,https://www.mlb.com/player/553869,Díaz E,Colorado Rockies
677594,https://www.mlb.com/player/677594,Rodríguez J,Seattle Mariners
676628,https://www.mlb.com/player/676628,Contreras,Minnesota Twins
677954,https://www.mlb.com/player/677954,Groshans,Miami Marlins
673357,https://www.mlb.com/player/673357,Robert Jr.,Chicago White Sox
595777,https://www.mlb.com/player/595777,Profar,San Diego Padres
682073,https://www.mlb.com/player/682073,Hensley,Houston Astros
666818,https://www.mlb.com/player/666818,Frías,Arizona Diamondbacks
664875,https://www.mlb.com/player/664875,Lawrence,Colorado Rockies
664874,https://www.mlb.com/player/664874,Zavala,Chicago White Sox
608703,https://www.mlb.com/player/608703,Reynolds M,Cincinnati Reds
675540,https://www.mlb.com/player/675540,Curry,Cleveland Guardians
641512,https://www.mlb.com/player/641512,DeLuzio,St. Louis Cardinals
670090,https://www.mlb.com/player/670090,Mills W,Kansas City Royals
641511,https://www.mlb.com/player/641511,Delay,Pittsburgh Pirates
575929,https://www.mlb.com/player/575929,Contreras,Chicago Cubs
608700,https://www.mlb.com/player/608700,Plawecki,Texas Rangers
641513,https://www.mlb.com/player/641513,Demeritte,Atlanta Braves
641755,https://www.mlb.com/player/641755,Kinley,Colorado Rockies
608701,https://www.mlb.com/player/608701,Refsnyder,Boston Red Sox
453286,https://www.mlb.com/player/453286,Scherzer,New York Mets
676879,https://www.mlb.com/player/676879,Ashby,Milwaukee Brewers
676637,https://www.mlb.com/player/676637,Sanders,Tampa Bay Rays
676632,https://www.mlb.com/player/676632,Madris,Pittsburgh Pirates
641771,https://www.mlb.com/player/641771,Kuhl,Colorado Rockies
672279,https://www.mlb.com/player/672279,Siani,Cincinnati Reds
570488,https://www.mlb.com/player/570488,Valdez P,Boston Red Sox
660271,https://www.mlb.com/player/660271,Ohtani,Los Angeles Angels
571578,https://www.mlb.com/player/571578,Corbin,Washington Nationals
664871,https://www.mlb.com/player/664871,Dowdy,Cincinnati Reds
669084,https://www.mlb.com/player/669084,Hall DL,Baltimore Orioles
408234,https://www.mlb.com/player/408234,Cabrera M,Detroit Tigers
570482,https://www.mlb.com/player/570482,Urshela,Minnesota Twins
669087,https://www.mlb.com/player/669087,Huff,Texas Rangers
686681,https://www.mlb.com/player/686681,Massey,Kansas City Royals
663538,https://www.mlb.com/player/663538,Hoerner,Chicago Cubs
666808,https://www.mlb.com/player/666808,Doval,San Francisco Giants
606993,https://www.mlb.com/player/606993,Hager,Arizona Diamondbacks
606992,https://www.mlb.com/player/606992,Haase,Detroit Tigers
663776,https://www.mlb.com/player/663776,Sandoval,Los Angeles Angels
686676,https://www.mlb.com/player/686676,Lee K,Houston Astros
663773,https://www.mlb.com/player/663773,Hoeing,Miami Marlins
676641,https://www.mlb.com/player/676641,Sulser,Baltimore Orioles
672284,https://www.mlb.com/player/672284,Kelenic,Seattle Mariners
605421,https://www.mlb.com/player/605421,Perez M,Pittsburgh Pirates
642851,https://www.mlb.com/player/642851,Wynns,San Francisco Giants
666801,https://www.mlb.com/player/666801,Castro R,Pittsburgh Pirates
641525,https://www.mlb.com/player/641525,Dixon,San Diego Padres
672282,https://www.mlb.com/player/672282,Detmers,Los Angeles Angels
523260,https://www.mlb.com/player/523260,Kelly J,Chicago White Sox
641540,https://www.mlb.com/player/641540,Dunning,Texas Rangers
650496,https://www.mlb.com/player/650496,Mejía,Milwaukee Brewers
640451,https://www.mlb.com/player/640451,Harvey H,Washington Nationals
570257,https://www.mlb.com/player/570257,Rodríguez J,New York Mets
663574,https://www.mlb.com/player/663574,Santillan,Cincinnati Reds
615698,https://www.mlb.com/player/615698,Quantrill,Cleveland Guardians
665750,https://www.mlb.com/player/665750,Taveras,Texas Rangers
661395,https://www.mlb.com/player/661395,Duran J,Minnesota Twins
682051,https://www.mlb.com/player/682051,Hill G,Detroit Tigers
665506,https://www.mlb.com/player/665506,Pache,Oakland Athletics
593140,https://www.mlb.com/player/593140,Feliz,Boston Red Sox
661388,https://www.mlb.com/player/661388,Contreras Wm,Atlanta Braves
665742,https://www.mlb.com/player/665742,Soto J,San Diego Padres
641531,https://www.mlb.com/player/641531,Dozier,Kansas City Royals
640444,https://www.mlb.com/player/640444,Crowe,Pittsburgh Pirates
611093,https://www.mlb.com/player/611093,Bracho,Atlanta Braves
628338,https://www.mlb.com/player/628338,Heredia,Atlanta Braves
641778,https://www.mlb.com/player/641778,Lauer,Milwaukee Brewers
640449,https://www.mlb.com/player/640449,Frazier,Chicago Cubs
606988,https://www.mlb.com/player/606988,Greiner,Arizona Diamondbacks
640448,https://www.mlb.com/player/640448,Finnegan,Washington Nationals
641779,https://www.mlb.com/player/641779,Leblanc,Miami Marlins
650489,https://www.mlb.com/player/650489,Castro W,Detroit Tigers
640461,https://www.mlb.com/player/640461,Pinder,Oakland Athletics
641793,https://www.mlb.com/player/641793,Littell,San Francisco Giants
640462,https://www.mlb.com/player/640462,Puk,Oakland Athletics
660294,https://www.mlb.com/player/660294,Tsutsugo,Pittsburgh Pirates
661383,https://www.mlb.com/player/661383,Ortega O,Los Angeles Angels
572204,https://www.mlb.com/player/572204,Thompson T,Los Angeles Dodgers
592273,https://www.mlb.com/player/592273,Drury,San Diego Padres
594694,https://www.mlb.com/player/594694,Difo,Arizona Diamondbacks
663559,https://www.mlb.com/player/663559,Falter,Philadelphia Phillies
683146,https://www.mlb.com/player/683146,Baty,New York Mets
663558,https://www.mlb.com/player/663558,Moran,Minnesota Twins
425844,https://www.mlb.com/player/425844,Greinke,Kansas City Royals
663556,https://www.mlb.com/player/663556,McClanahan,Tampa Bay Rays
663554,https://www.mlb.com/player/663554,Mize,Detroit Tigers
677950,https://www.mlb.com/player/677950,Thomas A,Arizona Diamondbacks
677951,https://www.mlb.com/player/677951,Witt Jr.,Kansas City Royals
605400,https://www.mlb.com/player/605400,Nola Aa,Philadelphia Phillies
640455,https://www.mlb.com/player/640455,Manaea,San Diego Padres
641302,https://www.mlb.com/player/641302,Alexander T,Detroit Tigers
641786,https://www.mlb.com/player/641786,Lewis,Seattle Mariners
640458,https://www.mlb.com/player/640458,Mercado,Cleveland Guardians
640457,https://www.mlb.com/player/640457,Meadows,Detroit Tigers
650490,https://www.mlb.com/player/650490,Díaz Y,Tampa Bay Rays
656818,https://www.mlb.com/player/656818,Overton,Cincinnati Reds
640470,https://www.mlb.com/player/640470,Alzolay,Chicago Cubs
518934,https://www.mlb.com/player/518934,LeMahieu,New York Yankees
595978,https://www.mlb.com/player/595978,Hedges,Cleveland Guardians
656811,https://www.mlb.com/player/656811,O'Hearn,Kansas City Royals
489446,https://www.mlb.com/player/489446,Yates,Atlanta Braves
468504,https://www.mlb.com/player/468504,Chacín,Colorado Rockies
571760,https://www.mlb.com/player/571760,Heaney,Los Angeles Dodgers
656814,https://www.mlb.com/player/656814,Ortiz L.F.,San Francisco Giants
666619,https://www.mlb.com/player/666619,Santos,San Francisco Giants
471911,https://www.mlb.com/player/471911,Carrasco,New York Mets
502110,https://www.mlb.com/player/502110,Martinez,Boston Red Sox
663586,https://www.mlb.com/player/663586,Riley,Atlanta Braves
686469,https://www.mlb.com/player/686469,Pasquantino,Kansas City Royals
641796,https://www.mlb.com/player/641796,Locastro,New York Yankees
641312,https://www.mlb.com/player/641312,Anderson,Toronto Blue Jays
641553,https://www.mlb.com/player/641553,2-Engel,Chicago White Sox
641313,https://www.mlb.com/player/641313,Anderson Ti,Chicago White Sox
606965,https://www.mlb.com/player/606965,Devenski,Philadelphia Phillies
624133,https://www.mlb.com/player/624133,Suárez R,Philadelphia Phillies
662253,https://www.mlb.com/player/662253,Muñoz A,Seattle Mariners
592450,https://www.mlb.com/player/592450,Judge,New York Yankees
572863,https://www.mlb.com/player/572863,Garneau,Detroit Tigers
528748,https://www.mlb.com/player/528748,Castellanos H,Arizona Diamondbacks
664670,https://www.mlb.com/player/664670,Lopez A,Cincinnati Reds
571771,https://www.mlb.com/player/571771,Hernández K,Boston Red Sox
656803,https://www.mlb.com/player/656803,Norwood,Philadelphia Phillies
592696,https://www.mlb.com/player/592696,Rosario E,Atlanta Braves
592454,https://www.mlb.com/player/592454,Kahnle,Los Angeles Dodgers
506702,https://www.mlb.com/player/506702,Leon,Minnesota Twins
676684,https://www.mlb.com/player/676684,Vest,Detroit Tigers
456781,https://www.mlb.com/player/456781,Solano,Cincinnati Reds
641329,https://www.mlb.com/player/641329,Baker,Baltimore Orioles
642657,https://www.mlb.com/player/642657,Ogando,Tampa Bay Rays
456501,https://www.mlb.com/player/456501,Cueto,Chicago White Sox
476595,https://www.mlb.com/player/476595,Luetge,New York Yankees
640492,https://www.mlb.com/player/640492,Azocar,San Diego Padres
596847,https://www.mlb.com/player/596847,Choi,Tampa Bay Rays
641582,https://www.mlb.com/player/641582,Foster,Chicago White Sox
676646,https://www.mlb.com/player/676646,Reks,Texas Rangers
641584,https://www.mlb.com/player/641584,Fraley,Cincinnati Reds
593576,https://www.mlb.com/player/593576,Neris,Houston Astros
593334,https://www.mlb.com/player/593334,Germán,New York Yankees
665795,https://www.mlb.com/player/665795,Cabrera E,Miami Marlins
663372,https://www.mlb.com/player/663372,Feltner,Colorado Rockies
595751,https://www.mlb.com/player/595751,Alfaro,San Diego Padres
642423,https://www.mlb.com/player/642423,Sierra,Los Angeles Angels
643511,https://www.mlb.com/player/643511,Rogers Ty,San Francisco Giants
602104,https://www.mlb.com/player/602104,Urías R,Baltimore Orioles
453268,https://www.mlb.com/player/453268,Bard D,Colorado Rockies
547001,https://www.mlb.com/player/547001,Poteet,Miami Marlins
605612,https://www.mlb.com/player/605612,Castro H,Detroit Tigers
642201,https://www.mlb.com/player/642201,White E,Texas Rangers
621082,https://www.mlb.com/player/621082,Lemoine,Oakland Athletics
572403,https://www.mlb.com/player/572403,VerHagen,St. Louis Cardinals
592473,https://www.mlb.com/player/592473,Kolarek,Oakland Athletics
656821,https://www.mlb.com/player/656821,Padlo,Seattle Mariners
503449,https://www.mlb.com/player/503449,Peralta Wi,Detroit Tigers
664208,https://www.mlb.com/player/664208,Maton P,Houston Astros
664202,https://www.mlb.com/player/664202,Cyr,Oakland Athletics
643524,https://www.mlb.com/player/643524,Schwindel,Chicago Cubs
668800,https://www.mlb.com/player/668800,Knizner,St. Louis Cardinals
676664,https://www.mlb.com/player/676664,Sears,Oakland Athletics
606930,https://www.mlb.com/player/606930,Barnes J,New York Yankees
680911,https://www.mlb.com/player/680911,Miller O,Cleveland Guardians
666624,https://www.mlb.com/player/666624,Morel,Chicago Cubs
553902,https://www.mlb.com/player/553902,Astudillo,Miami Marlins
668804,https://www.mlb.com/player/668804,Reynolds B,Pittsburgh Pirates
676660,https://www.mlb.com/player/676660,Solomon,Cincinnati Reds
592669,https://www.mlb.com/player/592669,Renfroe,Milwaukee Brewers
650633,https://www.mlb.com/player/650633,King,New York Yankees
572816,https://www.mlb.com/player/572816,Dickerson,St. Louis Cardinals
669257,https://www.mlb.com/player/669257,Smith W.D.,Los Angeles Dodgers
670242,https://www.mlb.com/player/670242,Wallner,Minnesota Twins
669256,https://www.mlb.com/player/669256,Solak,Texas Rangers
628708,https://www.mlb.com/player/628708,Marte Y,San Francisco Giants
543257,https://www.mlb.com/player/543257,Grossman,Atlanta Braves
669016,https://www.mlb.com/player/669016,Marsh,Philadelphia Phillies
570632,https://www.mlb.com/player/570632,Ureña,Colorado Rockies
592663,https://www.mlb.com/player/592663,Realmuto,Philadelphia Phillies
592662,https://www.mlb.com/player/592662,Ray,Seattle Mariners
641914,https://www.mlb.com/player/641914,Neuse,Oakland Athletics
657277,https://www.mlb.com/player/657277,Webb,San Francisco Giants
686823,https://www.mlb.com/player/686823,Brennan,Cleveland Guardians
521230,https://www.mlb.com/player/521230,Hendriks,Chicago White Sox
607455,https://www.mlb.com/player/607455,Banda,New York Yankees
607216,https://www.mlb.com/player/607216,Krehbiel,Baltimore Orioles
607457,https://www.mlb.com/player/607457,Barraclough,Los Angeles Angels
656180,https://www.mlb.com/player/656180,Adams,Washington Nationals
628711,https://www.mlb.com/player/628711,Urías J,Los Angeles Dodgers
661527,https://www.mlb.com/player/661527,Martinez S,Houston Astros
656185,https://www.mlb.com/player/656185,Allen G,Pittsburgh Pirates
475479,https://www.mlb.com/player/475479,Phelps,Toronto Blue Jays
663947,https://www.mlb.com/player/663947,Holton,Arizona Diamondbacks
657272,https://www.mlb.com/player/657272,Uelmen,Chicago Cubs
594838,https://www.mlb.com/player/594838,Gosselin,Los Angeles Angels
669004,https://www.mlb.com/player/669004,Melendez,Kansas City Royals
669003,https://www.mlb.com/player/669003,Mitchell,Milwaukee Brewers
571976,https://www.mlb.com/player/571976,Myers,San Diego Padres
594835,https://www.mlb.com/player/594835,Gonzales,Seattle Mariners
671345,https://www.mlb.com/player/671345,Foley,Detroit Tigers
660670,https://www.mlb.com/player/660670,Acuña Jr.,Atlanta Braves
571970,https://www.mlb.com/player/571970,Muncy,Los Angeles Dodgers
669242,https://www.mlb.com/player/669242,Edman,St. Louis Cardinals
657024,https://www.mlb.com/player/657024,Swanson E,Seattle Mariners
641927,https://www.mlb.com/player/641927,Ober,Minnesota Twins
607680,https://www.mlb.com/player/607680,Pillar,Los Angeles Dodgers
657265,https://www.mlb.com/player/657265,Strzelecki,Milwaukee Brewers
681146,https://www.mlb.com/player/681146,Bride,Oakland Athletics
607200,https://www.mlb.com/player/607200,Fedde,Washington Nationals
685503,https://www.mlb.com/player/685503,Arihara,Texas Rangers
606115,https://www.mlb.com/player/606115,Arcia,Atlanta Braves
514917,https://www.mlb.com/player/514917,Hernández,Washington Nationals
623912,https://www.mlb.com/player/623912,Ramírez H,Tampa Bay Rays
607208,https://www.mlb.com/player/607208,Turner,Los Angeles Dodgers
675911,https://www.mlb.com/player/675911,Strider,Atlanta Braves
592206,https://www.mlb.com/player/592206,Castellanos N,Philadelphia Phillies
669276,https://www.mlb.com/player/669276,Lee D,Atlanta Braves
650895,https://www.mlb.com/player/650895,Castillo. D,Seattle Mariners
595956,https://www.mlb.com/player/595956,Gallagher,Kansas City Royals
672640,https://www.mlb.com/player/672640,Lopez O,Toronto Blue Jays
571745,https://www.mlb.com/player/571745,Haniger,Seattle Mariners
650893,https://www.mlb.com/player/650893,Cabrera G,St. Louis Cardinals
543238,https://www.mlb.com/player/543238,Gose,Cleveland Guardians
669270,https://www.mlb.com/player/669270,Kuhnel,Cincinnati Reds
571740,https://www.mlb.com/player/571740,Hamilton,Minnesota Twins
571980,https://www.mlb.com/player/571980,Naquin,New York Mets
592200,https://www.mlb.com/player/592200,Casali,Seattle Mariners
675916,https://www.mlb.com/player/675916,Karinchak,Cleveland Guardians
521692,https://www.mlb.com/player/521692,Perez S,Kansas City Royals
605253,https://www.mlb.com/player/605253,Gore,New York Mets
543243,https://www.mlb.com/player/543243,Gray S,Minnesota Twins
663728,https://www.mlb.com/player/663728,Raleigh,Seattle Mariners
657053,https://www.mlb.com/player/657053,Toussaint,Los Angeles Angels
546991,https://www.mlb.com/player/546991,Almora Jr.,Cincinnati Reds
546990,https://www.mlb.com/player/546990,Alford,Pittsburgh Pirates
661309,https://www.mlb.com/player/661309,Martinez A,Oakland Athletics
641933,https://www.mlb.com/player/641933,O'Neill,St. Louis Cardinals
675921,https://www.mlb.com/player/675921,Howard,Texas Rangers
543228,https://www.mlb.com/player/543228,Gomes,Chicago Cubs
669023,https://www.mlb.com/player/669023,Downs Jet,Boston Red Sox
650402,https://www.mlb.com/player/650402,Torres,New York Yankees
650644,https://www.mlb.com/player/650644,Civale,Cleveland Guardians
456713,https://www.mlb.com/player/456713,Bush,Milwaukee Brewers
570666,https://www.mlb.com/player/570666,Cessa,Cincinnati Reds
456715,https://www.mlb.com/player/456715,Cain,Milwaukee Brewers
570663,https://www.mlb.com/player/570663,Robles,Boston Red Sox
571510,https://www.mlb.com/player/571510,Boyd,Seattle Mariners
617228,https://www.mlb.com/player/617228,Sawamura,Boston Red Sox
669261,https://www.mlb.com/player/669261,Suwinski,Pittsburgh Pirates
519151,https://www.mlb.com/player/519151,Pressly,Houston Astros
669022,https://www.mlb.com/player/669022,Gore,San Diego Padres
501625,https://www.mlb.com/player/501625,Alvarez,San Francisco Giants
500779,https://www.mlb.com/player/500779,Quintana,St. Louis Cardinals
657044,https://www.mlb.com/player/657044,Thompson R,Tampa Bay Rays
519390,https://www.mlb.com/player/519390,Vogt,Oakland Athletics
660688,https://www.mlb.com/player/660688,Ruiz K,Washington Nationals
605244,https://www.mlb.com/player/605244,Garcia Ar,Cincinnati Reds
488771,https://www.mlb.com/player/488771,Castro,Houston Astros
605483,https://www.mlb.com/player/605483,Snell,San Diego Padres
605242,https://www.mlb.com/player/605242,Fulmer,Minnesota Twins
661531,https://www.mlb.com/player/661531,Serven,Colorado Rockies
641941,https://www.mlb.com/player/641941,Pagán,Minnesota Twins
543475,https://www.mlb.com/player/543475,Lyles,Baltimore Orioles
605488,https://www.mlb.com/player/605488,Springs,Tampa Bay Rays
641943,https://www.mlb.com/player/641943,Palacios,Washington Nationals
657041,https://www.mlb.com/player/657041,Thomas L,Washington Nationals
571927,https://www.mlb.com/player/571927,Matz,St. Louis Cardinals
670046,https://www.mlb.com/player/670046,Rosenberg,Los Angeles Angels
670288,https://www.mlb.com/player/670288,Fishman,Miami Marlins
592866,https://www.mlb.com/player/592866,Williams,New York Mets
593958,https://www.mlb.com/player/593958,Rodriguez Ed,Detroit Tigers
594807,https://www.mlb.com/player/594807,Duvall,Atlanta Braves
592622,https://www.mlb.com/player/592622,Payton,Chicago White Sox
592626,https://www.mlb.com/player/592626,Pederson,San Francisco Giants
501659,https://www.mlb.com/player/501659,Almonte A,Boston Red Sox
663989,https://www.mlb.com/player/663989,Vespi,Baltimore Orioles
657077,https://www.mlb.com/player/657077,Verdugo,Boston Red Sox
663986,https://www.mlb.com/player/663986,Stephan,Cleveland Guardians
665923,https://www.mlb.com/player/665923,Ruiz E,San Diego Padres
665922,https://www.mlb.com/player/665922,Muzziotti,Philadelphia Phillies
661563,https://www.mlb.com/player/661563,Gil,New York Yankees
663743,https://www.mlb.com/player/663743,Fortes,Miami Marlins
543068,https://www.mlb.com/player/543068,Cron,Colorado Rockies
543063,https://www.mlb.com/player/543063,Crawford Bra,San Francisco Giants
641712,https://www.mlb.com/player/641712,Hudson D,St. Louis Cardinals
665926,https://www.mlb.com/player/665926,Gimenez,Cleveland Guardians
672478,https://www.mlb.com/player/672478,Diaz J,Oakland Athletics
669289,https://www.mlb.com/player/669289,Espinal,Toronto Blue Jays
614173,https://www.mlb.com/player/614173,Cordero,Boston Red Sox
546318,https://www.mlb.com/player/546318,Herrera O,Philadelphia Phillies
592858,https://www.mlb.com/player/592858,Wick,Chicago Cubs
670059,https://www.mlb.com/player/670059,Holderman,Pittsburgh Pirates
676831,https://www.mlb.com/player/676831,Whitley,St. Louis Cardinals
614177,https://www.mlb.com/player/614177,Reyes F,Chicago Cubs
614179,https://www.mlb.com/player/614179,Ruiz J,Chicago White Sox
488984,https://www.mlb.com/player/488984,Hunter,New York Mets
641726,https://www.mlb.com/player/641726,Jefferies,Oakland Athletics
641729,https://www.mlb.com/player/641729,Jiménez J,Detroit Tigers
663975,https://www.mlb.com/player/663975,Duron,Philadelphia Phillies
605463,https://www.mlb.com/player/605463,Scott Tay,San Diego Padres
543056,https://www.mlb.com/player/543056,Coulombe,Minnesota Twins
650671,https://www.mlb.com/player/650671,Quijada,Los Angeles Angels
657061,https://www.mlb.com/player/657061,Tucker,Pittsburgh Pirates
543294,https://www.mlb.com/player/543294,Hendricks,Chicago Cubs
663738,https://www.mlb.com/player/663738,Lynch,Kansas City Royals
571948,https://www.mlb.com/player/571948,Milner,Milwaukee Brewers
676801,https://www.mlb.com/player/676801,McCormick,Houston Astros
571704,https://www.mlb.com/player/571704,Giles,Seattle Mariners
608718,https://www.mlb.com/player/608718,Suter,Milwaukee Brewers
571945,https://www.mlb.com/player/571945,Mikolas,St. Louis Cardinals
543037,https://www.mlb.com/player/543037,Cole,New York Yankees
544369,https://www.mlb.com/player/544369,Gregorius,Philadelphia Phillies
593974,https://www.mlb.com/player/593974,Peralta Wa,New York Yankees
592885,https://www.mlb.com/player/592885,Yelich,Milwaukee Brewers
462101,https://www.mlb.com/player/462101,Andrus,Chicago White Sox
405395,https://www.mlb.com/player/405395,Pujols,St. Louis Cardinals
663527,https://www.mlb.com/player/663527,Nevin,Baltimore Orioles
543281,https://www.mlb.com/player/543281,Harrison,Chicago White Sox
664854,https://www.mlb.com/player/664854,Helsley,St. Louis Cardinals
663765,https://www.mlb.com/player/663765,Woodford,St. Louis Cardinals
657093,https://www.mlb.com/player/657093,Watkins,Baltimore Orioles
606303,https://www.mlb.com/player/606303,Payamps,Oakland Athletics
542194,https://www.mlb.com/player/542194,Bethancourt,Tampa Bay Rays
605218,https://www.mlb.com/player/605218,Edwards Jr.,Washington Nationals
659275,https://www.mlb.com/player/659275,Lamet,Colorado Rockies
608723,https://www.mlb.com/player/608723,Voth,Baltimore Orioles
670276,https://www.mlb.com/player/670276,Stevenson,Oakland Athletics
650204,https://www.mlb.com/player/650204,Ruiz N,Oakland Athletics
673548,https://www.mlb.com/player/673548,Suzuki S,Chicago Cubs
670032,https://www.mlb.com/player/670032,Lopez N,Kansas City Royals
672695,https://www.mlb.com/player/672695,Perdomo,Arizona Diamondbacks
670036,https://www.mlb.com/player/670036,Festa,Seattle Mariners
571710,https://www.mlb.com/player/571710,Givens,New York Mets
669060,https://www.mlb.com/player/669060,Wilson B,Pittsburgh Pirates
664850,https://www.mlb.com/player/664850,Mazeika,New York Mets
488726,https://www.mlb.com/player/488726,Brantley,Houston Astros
669065,https://www.mlb.com/player/669065,Stowers,Baltimore Orioles
663757,https://www.mlb.com/player/663757,Grisham,San Diego Padres
686613,https://www.mlb.com/player/686613,Brown H,Houston Astros
663753,https://www.mlb.com/player/663753,Knehr,San Diego Padres
605200,https://www.mlb.com/player/605200,Davies,Arizona Diamondbacks
686610,https://www.mlb.com/player/686610,Waldichuk,Oakland Athletics
663993,https://www.mlb.com/player/663993,Lowe N,Texas Rangers
663752,https://www.mlb.com/player/663752,Morris,Cleveland Guardians
670280,https://www.mlb.com/player/670280,Bednar,Pittsburgh Pirates
641741,https://www.mlb.com/player/641741,Katoh,Toronto Blue Jays
605204,https://www.mlb.com/player/605204,Davis J,San Francisco Giants
608716,https://www.mlb.com/player/608716,Steckenrider,Seattle Mariners
641501,https://www.mlb.com/player/641501,Danish,Boston Red Sox
608717,https://www.mlb.com/player/608717,Stratton,St. Louis Cardinals
544365,https://www.mlb.com/player/544365,Banuelos,Pittsburgh Pirates
543272,https://www.mlb.com/player/543272,Hand,Philadelphia Phillies
641745,https://www.mlb.com/player/641745,Keller B,Kansas City Royals
670042,https://www.mlb.com/player/670042,Raley L,Tampa Bay Rays
595909,https://www.mlb.com/player/595909,Cave,Minnesota Twins
605447,https://www.mlb.com/player/605447,Romano,Toronto Blue Jays
664849,https://www.mlb.com/player/664849,Young D,Seattle Mariners
641505,https://www.mlb.com/player/641505,Davis Jo,Milwaukee Brewers
607625,https://www.mlb.com/player/607625,Lugo,New York Mets
659262,https://www.mlb.com/player/659262,Espinoza,Chicago Cubs
664848,https://www.mlb.com/player/664848,Sands,Philadelphia Phillies
517008,https://www.mlb.com/player/517008,Colomé,Colorado Rockies
672820,https://www.mlb.com/player/672820,Sosa L,Chicago White Sox
643265,https://www.mlb.com/player/643265,Cooper,Miami Marlins
645444,https://www.mlb.com/player/645444,Herrera J,Arizona Diamondbacks
554430,https://www.mlb.com/player/554430,Wheeler,Philadelphia Phillies
554431,https://www.mlb.com/player/554431,Matzek,Atlanta Braves
671739,https://www.mlb.com/player/671739,Harris II M,Atlanta Braves
666142,https://www.mlb.com/player/666142,Ragans,Texas Rangers
656582,https://www.mlb.com/player/656582,Joe,Colorado Rockies
676194,https://www.mlb.com/player/676194,Tetreault,Washington Nationals
596071,https://www.mlb.com/player/596071,Peters,Pittsburgh Pirates
607179,https://www.mlb.com/player/607179,Weems,Washington Nationals
666139,https://www.mlb.com/player/666139,Lowe J,Tampa Bay Rays
680686,https://www.mlb.com/player/680686,Gray Js,Washington Nationals
682626,https://www.mlb.com/player/682626,Álvarez F,New York Mets
527055,https://www.mlb.com/player/527055,Vizcaíno,Kansas City Royals
543768,https://www.mlb.com/player/543768,Shaw T,Boston Red Sox
644364,https://www.mlb.com/player/644364,Arano,Washington Nationals
687093,https://www.mlb.com/player/687093,Grissom,Atlanta Braves
621466,https://www.mlb.com/player/621466,Stewart D,Baltimore Orioles
667463,https://www.mlb.com/player/667463,King,Texas Rangers
622554,https://www.mlb.com/player/622554,Domínguez,Philadelphia Phillies
543521,https://www.mlb.com/player/543521,McHugh,Atlanta Braves
543766,https://www.mlb.com/player/543766,Shaw,Cleveland Guardians
666137,https://www.mlb.com/player/666137,Lee,New York Mets
666135,https://www.mlb.com/player/666135,Kirilloff,Minnesota Twins
664199,https://www.mlb.com/player/664199,Clarke,Kansas City Royals
666134,https://www.mlb.com/player/666134,Jones N,Cleveland Guardians
642180,https://www.mlb.com/player/642180,Wade,Los Angeles Angels
596057,https://www.mlb.com/player/596057,Norris,Detroit Tigers
666374,https://www.mlb.com/player/666374,Brash,Seattle Mariners
643271,https://www.mlb.com/player/643271,Crook,Chicago Cubs
596059,https://www.mlb.com/player/596059,Odor,Baltimore Orioles
660821,https://www.mlb.com/player/660821,Sánchez J,Miami Marlins
680694,https://www.mlb.com/player/680694,Bradish,Baltimore Orioles
657424,https://www.mlb.com/player/657424,Gage,Toronto Blue Jays
666129,https://www.mlb.com/player/666129,Garrett B,Miami Marlins
666128,https://www.mlb.com/player/666128,Feliciano,Milwaukee Brewers
656578,https://www.mlb.com/player/656578,Jackson,Los Angeles Dodgers
656577,https://www.mlb.com/player/656577,Jackson A,Milwaukee Brewers
621219,https://www.mlb.com/player/621219,Mills A,Chicago Cubs
681546,https://www.mlb.com/player/681546,Outman,Los Angeles Dodgers
660829,https://www.mlb.com/player/660829,Park,Pittsburgh Pirates
660825,https://www.mlb.com/player/660825,Bazardo,Boston Red Sox
621458,https://www.mlb.com/player/621458,Rios,Los Angeles Dodgers
621453,https://www.mlb.com/player/621453,Duggar,Los Angeles Angels
644374,https://www.mlb.com/player/644374,Chang,Boston Red Sox
448281,https://www.mlb.com/player/448281,Doolittle,Washington Nationals
666160,https://www.mlb.com/player/666160,Moniak,Los Angeles Angels
622786,https://www.mlb.com/player/622786,Tinoco,Texas Rangers
669674,https://www.mlb.com/player/669674,Long,San Francisco Giants
669432,https://www.mlb.com/player/669432,Rogers Tr,Miami Marlins
643289,https://www.mlb.com/player/643289,Dubón,Houston Astros
543510,https://www.mlb.com/player/543510,McCann,New York Mets
519203,https://www.mlb.com/player/519203,Rizzo,New York Yankees
621450,https://www.mlb.com/player/621450,Bolt,Oakland Athletics
518595,https://www.mlb.com/player/518595,d'Arnaud,Atlanta Braves
666168,https://www.mlb.com/player/666168,Thompson M,Washington Nationals
670623,https://www.mlb.com/player/670623,Paredes,Tampa Bay Rays
670869,https://www.mlb.com/player/670869,Soto L,Los Angeles Angels
527038,https://www.mlb.com/player/527038,Flores,San Francisco Giants
660853,https://www.mlb.com/player/660853,De Los Santos E,Cleveland Guardians
476704,https://www.mlb.com/player/476704,Lowrie,Oakland Athletics
543760,https://www.mlb.com/player/543760,Semien,Texas Rangers
621446,https://www.mlb.com/player/621446,Brinson,San Francisco Giants
622534,https://www.mlb.com/player/622534,Margot,Tampa Bay Rays
592717,https://www.mlb.com/player/592717,Sanchez Aa,Minnesota Twins
669424,https://www.mlb.com/player/669424,Lambert,Chicago White Sox
592716,https://www.mlb.com/player/592716,Sampson,Chicago Cubs
666159,https://www.mlb.com/player/666159,Manning,Detroit Tigers
666158,https://www.mlb.com/player/666158,Lux,Los Angeles Dodgers
518586,https://www.mlb.com/player/518586,Culberson,Texas Rangers
666157,https://www.mlb.com/player/666157,Lodolo,Cincinnati Reds
518585,https://www.mlb.com/player/518585,Cruz F,Cincinnati Reds
543507,https://www.mlb.com/player/543507,May,New York Mets
673904,https://www.mlb.com/player/673904,Walsh,St. Louis Cardinals
527048,https://www.mlb.com/player/527048,Pérez,Texas Rangers
656354,https://www.mlb.com/player/656354,Davis A,Minnesota Twins
598264,https://www.mlb.com/player/598264,Barnes M,Boston Red Sox
598265,https://www.mlb.com/player/598265,Bradley Jr.,Toronto Blue Jays
660600,https://www.mlb.com/player/660600,Paredes E,Houston Astros
656353,https://www.mlb.com/player/656353,Davidson,Los Angeles Angels
596082,https://www.mlb.com/player/596082,Reed,Los Angeles Dodgers
578428,https://www.mlb.com/player/578428,Iglesias,Colorado Rockies
621439,https://www.mlb.com/player/621439,Buxton,Minnesota Twins
621438,https://www.mlb.com/player/621438,Taylor T,Milwaukee Brewers
681526,https://www.mlb.com/player/681526,Lavastida,Cleveland Guardians
669211,https://www.mlb.com/player/669211,Akin,Baltimore Orioles
543339,https://www.mlb.com/player/543339,Hudson D,Los Angeles Dodgers
622761,https://www.mlb.com/player/622761,Mateo,Baltimore Orioles
621433,https://www.mlb.com/player/621433,Phillips B,Tampa Bay Rays
666182,https://www.mlb.com/player/666182,Bichette,Toronto Blue Jays
669212,https://www.mlb.com/player/669212,Morgan,Cleveland Guardians
666181,https://www.mlb.com/player/666181,Benson,Cleveland Guardians
669456,https://www.mlb.com/player/669456,Bieber,Cleveland Guardians
669459,https://www.mlb.com/player/669459,Nelson K,Arizona Diamondbacks
519222,https://www.mlb.com/player/519222,Romine,Cincinnati Reds
669450,https://www.mlb.com/player/669450,Hummel,Arizona Diamondbacks
666185,https://www.mlb.com/player/666185,Carlson,St. Louis Cardinals
605195,https://www.mlb.com/player/605195,Crick,Chicago White Sox
660634,https://www.mlb.com/player/660634,Hernandez Y,Arizona Diamondbacks
605194,https://www.mlb.com/player/605194,Cotton,Minnesota Twins
596271,https://www.mlb.com/player/596271,Lawrence,Toronto Blue Jays
542255,https://www.mlb.com/player/542255,Inciarte,New York Mets
543101,https://www.mlb.com/player/543101,DeSclafani,San Francisco Giants
660636,https://www.mlb.com/player/660636,Castillo D,Pittsburgh Pirates
663903,https://www.mlb.com/player/663903,Singer,Kansas City Royals
669203,https://www.mlb.com/player/669203,Burnes,Milwaukee Brewers
673962,https://www.mlb.com/player/673962,Jung,Texas Rangers
666179,https://www.mlb.com/player/666179,Beer,Arizona Diamondbacks
501925,https://www.mlb.com/player/501925,Smith Joe,Minnesota Twins
596019,https://www.mlb.com/player/596019,Lindor,New York Mets
666176,https://www.mlb.com/player/666176,Adell,Los Angeles Angels
660620,https://www.mlb.com/player/660620,Araúz J,Baltimore Orioles
606273,https://www.mlb.com/player/606273,Elías,Seattle Mariners
660623,https://www.mlb.com/player/660623,Ynoa,Atlanta Braves
605182,https://www.mlb.com/player/605182,Clevinger,San Diego Padres
658551,https://www.mlb.com/player/658551,Fernández J,St. Louis Cardinals
681584,https://www.mlb.com/player/681584,Villar,San Francisco Giants
572070,https://www.mlb.com/player/572070,Richards G,Texas Rangers
543333,https://www.mlb.com/player/543333,Hosmer,Boston Red Sox
683769,https://www.mlb.com/player/683769,Gaddis,Cleveland Guardians
671790,https://www.mlb.com/player/671790,Bolaños,Kansas City Royals
622503,https://www.mlb.com/player/622503,Crismatt,San Diego Padres
667297,https://www.mlb.com/player/667297,Nance,Miami Marlins
519008,https://www.mlb.com/player/519008,McFarland,St. Louis Cardinals
518397,https://www.mlb.com/player/518397,Alexander,San Francisco Giants
650619,https://www.mlb.com/player/650619,Viloria,Texas Rangers
650859,https://www.mlb.com/player/650859,Rengifo,Los Angeles Angels
605170,https://www.mlb.com/player/605170,Caratini,Milwaukee Brewers
645261,https://www.mlb.com/player/645261,Alcantara S,Miami Marlins
519242,https://www.mlb.com/player/519242,Sale,Boston Red Sox
596295,https://www.mlb.com/player/596295,Gomber,Colorado Rockies
678394,https://www.mlb.com/player/678394,Bello,Boston Red Sox
608686,https://www.mlb.com/player/608686,Mayfield J,Los Angeles Angels
605177,https://www.mlb.com/player/605177,Chafin,Detroit Tigers
660650,https://www.mlb.com/player/660650,Garcia Der,Oakland Athletics
683734,https://www.mlb.com/player/683734,Vaughn,Chicago White Sox
500871,https://www.mlb.com/player/500871,Escobar,New York Mets
681799,https://www.mlb.com/player/681799,Roberts,Chicago Cubs
607359,https://www.mlb.com/player/607359,Patton S,Texas Rangers
458015,https://www.mlb.com/player/458015,Votto,Cincinnati Reds
645277,https://www.mlb.com/player/645277,Albies,Atlanta Braves
669222,https://www.mlb.com/player/669222,Senzel,Cincinnati Reds
543548,https://www.mlb.com/player/543548,Milone,Seattle Mariners
543305,https://www.mlb.com/player/543305,Hicks A,New York Yankees
669221,https://www.mlb.com/player/669221,Murphy S,Oakland Athletics
543543,https://www.mlb.com/player/543543,Miller B,Texas Rangers
669467,https://www.mlb.com/player/669467,Pallante,St. Louis Cardinals
672851,https://www.mlb.com/player/672851,Adon,Washington Nationals
543309,https://www.mlb.com/player/543309,Higashioka,New York Yankees
669461,https://www.mlb.com/player/669461,Liberatore,St. Louis Cardinals
663911,https://www.mlb.com/player/663911,Plummer,New York Mets
596043,https://www.mlb.com/player/596043,Mengden,Kansas City Royals
573186,https://www.mlb.com/player/573186,Stroman,Chicago Cubs
660644,https://www.mlb.com/player/660644,Bruján,Tampa Bay Rays
657006,https://www.mlb.com/player/657006,Steele,Chicago Cubs
657248,https://www.mlb.com/player/657248,Otto,Texas Rangers
608671,https://www.mlb.com/player/608671,Jankowski,Seattle Mariners
605164,https://www.mlb.com/player/605164,Bundy,Minnesota Twins
657247,https://www.mlb.com/player/657247,O'Keefe,Seattle Mariners
657240,https://www.mlb.com/player/657240,Merryweather,Toronto Blue Jays
608678,https://www.mlb.com/player/608678,Leone,San Francisco Giants
606019,https://www.mlb.com/player/606019,Quiroz,Chicago Cubs
518735,https://www.mlb.com/player/518735,Grandal,Chicago White Sox
622168,https://www.mlb.com/player/622168,Munoz Y,Philadelphia Phillies
641482,https://www.mlb.com/player/641482,Cortes,New York Yankees
624585,https://www.mlb.com/player/624585,Soler,Miami Marlins
621074,https://www.mlb.com/player/621074,Rucker,Chicago Cubs
621076,https://www.mlb.com/player/621076,Kaprielian,Oakland Athletics
656976,https://www.mlb.com/player/656976,Smith P,Arizona Diamondbacks
630105,https://www.mlb.com/player/630105,Cronenworth,San Diego Padres
664123,https://www.mlb.com/player/664123,Effross,New York Yankees
655889,https://www.mlb.com/player/655889,Rodríguez M,Chicago Cubs
543939,https://www.mlb.com/player/543939,Wong Ko,Milwaukee Brewers
552640,https://www.mlb.com/player/552640,Kittredge,Tampa Bay Rays
502154,https://www.mlb.com/player/502154,Britton,New York Yankees
669804,https://www.mlb.com/player/669804,De Jesus,Detroit Tigers
676596,https://www.mlb.com/player/676596,Fleming,Tampa Bay Rays
668715,https://www.mlb.com/player/668715,Steer,Cincinnati Reds
642585,https://www.mlb.com/player/642585,Bautista F,Baltimore Orioles
623485,https://www.mlb.com/player/623485,Goudeau,Colorado Rockies
668952,https://www.mlb.com/player/668952,Kreidler,Detroit Tigers
664353,https://www.mlb.com/player/664353,Urquidy,Houston Astros
516782,https://www.mlb.com/player/516782,Marte S,New York Mets
670810,https://www.mlb.com/player/670810,Gillaspie,Baltimore Orioles
425794,https://www.mlb.com/player/425794,Wainwright,St. Louis Cardinals
668709,https://www.mlb.com/player/668709,Bleday,Miami Marlins
548384,https://www.mlb.com/player/548384,Raley B,Tampa Bay Rays
656730,https://www.mlb.com/player/656730,Megill,Minnesota Twins
656731,https://www.mlb.com/player/656731,Megill,New York Mets
641487,https://www.mlb.com/player/641487,Crawford J,Seattle Mariners
642336,https://www.mlb.com/player/642336,Mejía F,Tampa Bay Rays
679631,https://www.mlb.com/player/679631,Vavra,Baltimore Orioles
548389,https://www.mlb.com/player/548389,Stripling,Toronto Blue Jays
668948,https://www.mlb.com/player/668948,McCarty,Cleveland Guardians
642350,https://www.mlb.com/player/642350,Siri,Tampa Bay Rays
518516,https://www.mlb.com/player/518516,Bumgarner,Arizona Diamondbacks
621295,https://www.mlb.com/player/621295,Wittgren,St. Louis Cardinals
623474,https://www.mlb.com/player/623474,Herget,Los Angeles Angels
656756,https://www.mlb.com/player/656756,Montgomery,St. Louis Cardinals
656514,https://www.mlb.com/player/656514,Haseley,Chicago White Sox
572039,https://www.mlb.com/player/572039,Piscotty,Oakland Athletics
621051,https://www.mlb.com/player/621051,Wilson S,San Diego Padres
573124,https://www.mlb.com/player/573124,Rogers,Milwaukee Brewers
664141,https://www.mlb.com/player/664141,Brubaker,Pittsburgh Pirates
502179,https://www.mlb.com/player/502179,Espino,Washington Nationals
573131,https://www.mlb.com/player/573131,Ruf,New York Mets
572041,https://www.mlb.com/player/572041,Pollock,Chicago White Sox
664139,https://www.mlb.com/player/664139,Gibaut,Cincinnati Reds
657612,https://www.mlb.com/player/657612,Hill T,San Diego Padres
502171,https://www.mlb.com/player/502171,Cobb,San Francisco Giants
681911,https://www.mlb.com/player/681911,Vesia,Los Angeles Dodgers
456034,https://www.mlb.com/player/456034,Price,Los Angeles Dodgers
623465,https://www.mlb.com/player/623465,Phillips E,Los Angeles Dodgers
622379,https://www.mlb.com/player/622379,Castillo L.F.,Detroit Tigers
625643,https://www.mlb.com/player/625643,López R,Chicago White Sox
543901,https://www.mlb.com/player/543901,Weber,New York Yankees
668731,https://www.mlb.com/player/668731,Baddoo,Detroit Tigers
642121,https://www.mlb.com/player/642121,Sulser,Miami Marlins
621043,https://www.mlb.com/player/621043,Correa,Minnesota Twins
656986,https://www.mlb.com/player/656986,Sousa,Chicago White Sox
572287,https://www.mlb.com/player/572287,Zunino,Tampa Bay Rays
656509,https://www.mlb.com/player/656509,Harrison M,Los Angeles Angels
608070,https://www.mlb.com/player/608070,Ramírez Jo,Cleveland Guardians
596001,https://www.mlb.com/player/596001,Junis,San Francisco Giants
664126,https://www.mlb.com/player/664126,Fairbanks,Tampa Bay Rays
676103,https://www.mlb.com/player/676103,Jones,Philadelphia Phillies
643446,https://www.mlb.com/player/643446,McNeil,New York Mets
542888,https://www.mlb.com/player/542888,Armstrong,Tampa Bay Rays
621035,https://www.mlb.com/player/621035,Taylor Ch,Los Angeles Dodgers
667670,https://www.mlb.com/player/667670,Rooker,Kansas City Royals
642130,https://www.mlb.com/player/642130,Taylor B,Houston Astros
642133,https://www.mlb.com/player/642133,Tellez,Milwaukee Brewers
623211,https://www.mlb.com/player/623211,Brazoban,Miami Marlins
669854,https://www.mlb.com/player/669854,Blanco,Houston Astros
623451,https://www.mlb.com/player/623451,Stephens,Atlanta Braves
656537,https://www.mlb.com/player/656537,Hill D,Detroit Tigers
689225,https://www.mlb.com/player/689225,Brieske,Detroit Tigers
664161,https://www.mlb.com/player/664161,Swarmer,Chicago Cubs
676391,https://www.mlb.com/player/676391,Clement,Oakland Athletics
593160,https://www.mlb.com/player/593160,Merrifield,Toronto Blue Jays
656541,https://www.mlb.com/player/656541,Hilliard,Colorado Rockies
656302,https://www.mlb.com/player/656302,Cease,Chicago White Sox
665489,https://www.mlb.com/player/665489,Guerrero,Toronto Blue Jays
656786,https://www.mlb.com/player/656786,Mushinski,Houston Astros
643217,https://www.mlb.com/player/643217,Benintendi,New York Yankees
503285,https://www.mlb.com/player/503285,O'Day,Atlanta Braves
667427,https://www.mlb.com/player/667427,Jackson Z,Oakland Athletics
621028,https://www.mlb.com/player/621028,Newman,Pittsburgh Pirates
458677,https://www.mlb.com/player/458677,Wilson,Cincinnati Reds
623205,https://www.mlb.com/player/623205,Velazquez A,Los Angeles Angels
643230,https://www.mlb.com/player/643230,Brault,Chicago Cubs
668751,https://www.mlb.com/player/668751,Mitchell,Pittsburgh Pirates
621020,https://www.mlb.com/player/621020,Swanson,Atlanta Braves
622110,https://www.mlb.com/player/622110,Duffy,Los Angeles Angels
572228,https://www.mlb.com/player/572228,Voit,Washington Nationals
665001,https://www.mlb.com/player/665001,Kelley,Milwaukee Brewers
656529,https://www.mlb.com/player/656529,Hentges,Cleveland Guardians
665482,https://www.mlb.com/player/665482,Celestino,Minnesota Twins
444489,https://www.mlb.com/player/444489,Piña,Atlanta Braves
656775,https://www.mlb.com/player/656775,Mullins,Baltimore Orioles
681987,https://www.mlb.com/player/681987,Eaton,Kansas City Royals
642137,https://www.mlb.com/player/642137,Thomas Cod,Oakland Athletics
642136,https://www.mlb.com/player/642136,Thaiss,Los Angeles Angels
458681,https://www.mlb.com/player/458681,Lynn,Chicago White Sox
542881,https://www.mlb.com/player/542881,Anderson,Los Angeles Dodgers
455139,https://www.mlb.com/player/455139,Chirinos,Baltimore Orioles
621016,https://www.mlb.com/player/621016,Cuas,Kansas City Royals
623437,https://www.mlb.com/player/623437,Topa,Milwaukee Brewers
642152,https://www.mlb.com/player/642152,Trivino,New York Yankees
624522,https://www.mlb.com/player/624522,Thompson K,Chicago Cubs
622103,https://www.mlb.com/player/622103,Reyes Ger,Los Angeles Angels
621493,https://www.mlb.com/player/621493,Ward,Los Angeles Angels
642397,https://www.mlb.com/player/642397,Soto G,Detroit Tigers
622100,https://www.mlb.com/player/622100,Jones,Houston Astros
676369,https://www.mlb.com/player/676369,Velazquez N,Chicago Cubs
518792,https://www.mlb.com/player/518792,Heyward,Chicago Cubs
656557,https://www.mlb.com/player/656557,Houck,Boston Red Sox
657649,https://www.mlb.com/player/657649,Koenig,Oakland Athletics
518553,https://www.mlb.com/player/518553,Cishek,Washington Nationals
572233,https://www.mlb.com/player/572233,Walker C,Arizona Diamondbacks
666120,https://www.mlb.com/player/666120,Anderson I,Atlanta Braves
607192,https://www.mlb.com/player/607192,Glasnow,Tampa Bay Rays
553993,https://www.mlb.com/player/553993,Suárez E,Seattle Mariners
596451,https://www.mlb.com/player/596451,Quinn,Tampa Bay Rays
657656,https://www.mlb.com/player/657656,Laureano,Oakland Athletics
656322,https://www.mlb.com/player/656322,Coonrod,Philadelphia Phillies
592094,https://www.mlb.com/player/592094,Adam,Tampa Bay Rays
621248,https://www.mlb.com/player/621248,Garza Jr.,Tampa Bay Rays
621006,https://www.mlb.com/player/621006,Martin Ri,Baltimore Orioles
660813,https://www.mlb.com/player/660813,Graterol,Los Angeles Dodgers
621249,https://www.mlb.com/player/621249,Underwood Jr.,Pittsburgh Pirates
621244,https://www.mlb.com/player/621244,Berríos,Toronto Blue Jays
624512,https://www.mlb.com/player/624512,McGuire,Boston Red Sox
435559,https://www.mlb.com/player/435559,Suzuki,Los Angeles Angels
600303,https://www.mlb.com/player/600303,La Stella,San Francisco Giants
624513,https://www.mlb.com/player/624513,Nuñez,Colorado Rockies
643493,https://www.mlb.com/player/643493,Pruitt,Oakland Athletics
643256,https://www.mlb.com/player/643256,Cimber,Toronto Blue Jays
669622,https://www.mlb.com/player/669622,Bender,Miami Marlins
642165,https://www.mlb.com/player/642165,VanMeter,Pittsburgh Pirates
621242,https://www.mlb.com/player/621242,Díaz,New York Mets
572008,https://www.mlb.com/player/572008,Owings,Baltimore Orioles
656305,https://www.mlb.com/player/656305,Chapman M,Toronto Blue Jays
656546,https://www.mlb.com/player/656546,Hoffman,Cincinnati Reds
656308,https://www.mlb.com/player/656308,Chavis,Pittsburgh Pirates
595345,https://www.mlb.com/player/595345,Okert,Miami Marlins
656794,https://www.mlb.com/player/656794,Newcomb,Chicago Cubs
656793,https://www.mlb.com/player/656793,Nelson N,Philadelphia Phillies
665019,https://www.mlb.com/player/665019,Clemens,Detroit Tigers
608032,https://www.mlb.com/player/608032,Estévez,Colorado Rockies
553988,https://www.mlb.com/player/553988,Machado D,San Francisco Giants
656555,https://www.mlb.com/player/656555,Hoskins,Philadelphia Phillies
681962,https://www.mlb.com/player/681962,Capra,Toronto Blue Jays
621237,https://www.mlb.com/player/621237,Alvarado,Philadelphia Phillies
669618,https://www.mlb.com/player/669618,Barlow J,Texas Rangers
624503,https://www.mlb.com/player/624503,Gordon,Minnesota Twins
622569,https://www.mlb.com/player/622569,Reyes P,Milwaukee Brewers
